Date,Kind,Predicted_Close
2005-08-29,train,138.37503
2005-08-30,train,138.8174
2005-08-31,train,139.40826
2005-09-01,train,139.97803
2005-09-02,train,140.48775
2005-09-06,train,141.01192
2005-09-07,train,141.43701
2005-09-08,train,142.12007
2005-09-09,train,142.94405
2005-09-12,train,143.9601
2005-09-13,train,145.51102
2005-09-14,train,147.37274
2005-09-15,train,148.86171
2005-09-16,train,149.93845
2005-09-19,train,150.53001
2005-09-20,train,150.91743
2005-09-21,train,151.33789
2005-09-22,train,151.93968
2005-09-23,train,152.59004
2005-09-26,train,153.40125
2005-09-27,train,154.19734
2005-09-28,train,154.89317
2005-09-29,train,155.0865
2005-09-30,train,155.09377
2005-10-03,train,155.30385
2005-10-04,train,155.74362
2005-10-05,train,155.93993
2005-10-06,train,155.93707
2005-10-07,train,155.89777
2005-10-10,train,155.85281
2005-10-11,train,155.701
2005-10-12,train,155.27887
2005-10-13,train,154.47398
2005-10-14,train,153.32239
2005-10-17,train,151.98653
2005-10-18,train,151.06795
2005-10-19,train,150.43993
2005-10-20,train,150.31331
2005-10-21,train,150.27287
2005-10-24,train,152.0004
2005-10-25,train,155.17557
2005-10-26,train,158.93126
2005-10-27,train,163.10551
2005-10-28,train,167.05
2005-10-31,train,170.70882
2005-11-01,train,174.5023
2005-11-02,train,178.39261
2005-11-03,train,182.01564
2005-11-04,train,185.43138
2005-11-07,train,188.61928
2005-11-08,train,191.59302
2005-11-09,train,193.92294
2005-11-10,train,195.11499
2005-11-11,train,196.01602
2005-11-14,train,196.6323
2005-11-15,train,197.32935
2005-11-16,train,197.83426
2005-11-17,train,198.42282
2005-11-18,train,199.2693
2005-11-21,train,200.061
2005-11-22,train,201.17336
2005-11-23,train,202.7347
2005-11-25,train,204.75305
2005-11-28,train,207.15935
2005-11-29,train,209.3554
2005-11-30,train,210.26266
2005-12-01,train,210.29256
2005-12-02,train,210.18398
2005-12-05,train,210.18445
2005-12-06,train,209.7133
2005-12-07,train,208.91441
2005-12-08,train,207.96196
2005-12-09,train,207.30379
2005-12-12,train,206.8389
2005-12-13,train,206.70451
2005-12-14,train,207.02908
2005-12-15,train,207.6936
2005-12-16,train,208.68494
2005-12-19,train,210.15436
2005-12-20,train,211.53934
2005-12-21,train,212.97565
2005-12-22,train,214.15175
2005-12-23,train,215.31647
2005-12-27,train,216.31946
2005-12-28,train,216.83037
2005-12-29,train,217.06862
2005-12-30,train,216.80405
2006-01-03,train,215.9878
2006-01-04,train,215.84908
2006-01-05,train,216.65997
2006-01-06,train,218.31375
2006-01-09,train,221.04979
2006-01-10,train,224.30042
2006-01-11,train,227.71243
2006-01-12,train,230.99355
2006-01-13,train,233.50102
2006-01-17,train,235.39067
2006-01-18,train,236.74986
2006-01-19,train,236.59886
2006-01-20,train,235.07796
2006-01-23,train,231.06885
2006-01-24,train,227.12068
2006-01-25,train,224.3416
2006-01-26,train,222.14253
2006-01-27,train,220.58488
2006-01-30,train,219.54523
2006-01-31,train,218.61263
2006-02-01,train,218.09346
2006-02-02,train,216.42842
2006-02-03,train,213.86842
2006-02-06,train,210.26686
2006-02-07,train,206.47447
2006-02-08,train,202.10765
2006-02-09,train,197.81354
2006-02-10,train,193.4795
2006-02-13,train,189.68802
2006-02-14,train,185.80559
2006-02-15,train,182.0861
2006-02-16,train,178.75644
2006-02-17,train,177.10559
2006-02-21,train,176.82861
2006-02-22,train,177.36754
2006-02-23,train,178.31781
2006-02-24,train,180.01996
2006-02-27,train,182.02225
2006-02-28,train,184.63705
2006-03-01,train,186.10773
2006-03-02,train,186.7679
2006-03-03,train,187.38422
2006-03-06,train,188.01599
2006-03-07,train,188.13892
2006-03-08,train,187.74442
2006-03-09,train,186.5526
2006-03-10,train,184.4351
2006-03-13,train,181.64542
2006-03-14,train,178.65375
2006-03-15,train,176.47246
2006-03-16,train,174.73009
2006-03-17,train,173.16187
2006-03-20,train,171.88611
2006-03-21,train,171.30457
2006-03-22,train,170.84418
2006-03-23,train,170.50383
2006-03-24,train,170.34262
2006-03-27,train,171.43163
2006-03-28,train,173.44301
2006-03-29,train,176.22702
2006-03-30,train,180.09534
2006-03-31,train,184.01447
2006-04-03,train,187.663
2006-04-04,train,190.77608
2006-04-05,train,193.94131
2006-04-06,train,197.03902
2006-04-07,train,199.96996
2006-04-10,train,202.2947
2006-04-11,train,204.49455
2006-04-12,train,206.10864
2006-04-13,train,207.1629
2006-04-17,train,207.442
2006-04-18,train,207.41353
2006-04-19,train,207.07892
2006-04-20,train,206.8789
2006-04-21,train,207.00975
2006-04-24,train,208.39648
2006-04-25,train,210.65553
2006-04-26,train,212.64491
2006-04-27,train,214.1979
2006-04-28,train,215.03175
2006-05-01,train,215.21547
2006-05-02,train,214.06364
2006-05-03,train,211.94847
2006-05-04,train,209.37616
2006-05-05,train,206.7822
2006-05-08,train,204.4038
2006-05-09,train,202.414
2006-05-10,train,201.5221
2006-05-11,train,201.16405
2006-05-12,train,200.4234
2006-05-15,train,198.86934
2006-05-16,train,197.00204
2006-05-17,train,194.86955
2006-05-18,train,192.90852
2006-05-19,train,191.08012
2006-05-22,train,189.45912
2006-05-23,train,188.1632
2006-05-24,train,187.41348
2006-05-25,train,187.3558
2006-05-26,train,187.8371
2006-05-30,train,188.54308
2006-05-31,train,188.87744
2006-06-01,train,188.91574
2006-06-02,train,189.25983
2006-06-05,train,189.63338
2006-06-06,train,189.75677
2006-06-07,train,190.43224
2006-06-08,train,191.257
2006-06-09,train,192.42206
2006-06-12,train,193.38893
2006-06-13,train,193.89268
2006-06-14,train,194.27518
2006-06-15,train,194.4486
2006-06-16,train,194.7833
2006-06-19,train,195.188
2006-06-20,train,195.48398
2006-06-21,train,195.63464
2006-06-22,train,196.38022
2006-06-23,train,197.35738
2006-06-26,train,198.62689
2006-06-27,train,199.94136
2006-06-28,train,201.07123
2006-06-29,train,202.15102
2006-06-30,train,203.65327
2006-07-03,train,205.37674
2006-07-05,train,207.27203
2006-07-06,train,209.02496
2006-07-07,train,210.60312
2006-07-10,train,211.79378
2006-07-11,train,212.51631
2006-07-12,train,213.16959
2006-07-13,train,213.38373
2006-07-14,train,212.89641
2006-07-17,train,211.7438
2006-07-18,train,210.47163
2006-07-19,train,209.0216
2006-07-20,train,207.40196
2006-07-21,train,205.26189
2006-07-24,train,203.11092
2006-07-25,train,201.1901
2006-07-26,train,199.52603
2006-07-27,train,197.99867
2006-07-28,train,196.54767
2006-07-31,train,195.54028
2006-08-01,train,194.84346
2006-08-02,train,193.88622
2006-08-03,train,192.44139
2006-08-04,train,191.18037
2006-08-07,train,190.08835
2006-08-08,train,189.40001
2006-08-09,train,189.18466
2006-08-10,train,189.1074
2006-08-11,train,188.98994
2006-08-14,train,188.5803
2006-08-15,train,188.05164
2006-08-16,train,188.03526
2006-08-17,train,188.68474
2006-08-18,train,189.62694
2006-08-21,train,190.55388
2006-08-22,train,191.09193
2006-08-23,train,191.36308
2006-08-24,train,191.20604
2006-08-25,train,190.7964
2006-08-28,train,190.24153
2006-08-29,train,190.00903
2006-08-30,train,189.92587
2006-08-31,train,190.03352
2006-09-01,train,190.15181
2006-09-05,train,190.26535
2006-09-06,train,190.6338
2006-09-07,train,190.94029
2006-09-08,train,191.09604
2006-09-11,train,191.1055
2006-09-12,train,191.31128
2006-09-13,train,192.0009
2006-09-14,train,193.64334
2006-09-15,train,195.64795
2006-09-18,train,197.97682
2006-09-19,train,200.52711
2006-09-20,train,202.47215
2006-09-21,train,203.50949
2006-09-22,train,204.3172
2006-09-25,train,204.77039
2006-09-26,train,204.96852
2006-09-27,train,205.12668
2006-09-28,train,205.06775
2006-09-29,train,204.90607
2006-10-02,train,204.6167
2006-10-03,train,204.25044
2006-10-04,train,203.99164
2006-10-05,train,204.37987
2006-10-06,train,204.98204
2006-10-09,train,206.0742
2006-10-10,train,207.789
2006-10-11,train,209.64406
2006-10-12,train,211.40555
2006-10-13,train,212.98204
2006-10-16,train,214.28436
2006-10-17,train,215.02701
2006-10-18,train,215.28342
2006-10-19,train,215.14099
2006-10-20,train,215.07683
2006-10-23,train,216.67043
2006-10-24,train,220.23236
2006-10-25,train,224.41359
2006-10-26,train,229.22551
2006-10-27,train,233.92241
2006-10-30,train,237.62688
2006-10-31,train,240.39558
2006-11-01,train,242.2948
2006-11-02,train,243.04456
2006-11-03,train,243.10318
2006-11-06,train,242.81506
2006-11-07,train,242.59117
2006-11-08,train,242.24019
2006-11-09,train,241.96082
2006-11-10,train,241.64706
2006-11-13,train,241.38408
2006-11-14,train,241.53304
2006-11-15,train,242.33257
2006-11-16,train,243.61072
2006-11-17,train,245.26851
2006-11-20,train,247.15346
2006-11-21,train,248.83018
2006-11-22,train,250.90314
2006-11-24,train,252.97046
2006-11-27,train,254.70111
2006-11-28,train,255.09067
2006-11-29,train,254.78981
2006-11-30,train,253.84653
2006-12-01,train,252.59102
2006-12-04,train,251.07057
2006-12-05,train,249.71751
2006-12-06,train,248.70845
2006-12-07,train,248.10216
2006-12-08,train,247.52644
2006-12-11,train,247.08548
2006-12-12,train,246.759
2006-12-13,train,246.43102
2006-12-14,train,245.9953
2006-12-15,train,245.67314
2006-12-18,train,245.36845
2006-12-19,train,244.2734
2006-12-20,train,243.0291
2006-12-21,train,241.53375
2006-12-22,train,239.6968
2006-12-26,train,237.77542
2006-12-27,train,236.06909
2006-12-28,train,235.15895
2006-12-29,train,234.59944
2007-01-03,train,234.21434
2007-01-04,train,234.30447
2007-01-05,train,235.43462
2007-01-08,train,237.32906
2007-01-09,train,239.37083
2007-01-10,train,241.39813
2007-01-11,train,243.40834
2007-01-12,train,245.70699
2007-01-16,train,248.23784
2007-01-17,train,250.65677
2007-01-18,train,252.44746
2007-01-19,train,253.21349
2007-01-22,train,253.33295
2007-01-23,train,252.60875
2007-01-24,train,251.32646
2007-01-25,train,250.75822
2007-01-26,train,250.20984
2007-01-29,train,250.095
2007-01-30,train,250.11606
2007-01-31,train,250.30742
2007-02-01,train,250.92886
2007-02-02,train,250.83665
2007-02-05,train,250.26291
2007-02-06,train,248.7459
2007-02-07,train,246.95448
2007-02-08,train,245.08711
2007-02-09,train,243.3978
2007-02-12,train,241.55319
2007-02-13,train,239.60281
2007-02-14,train,237.79646
2007-02-15,train,236.57129
2007-02-16,train,235.62892
2007-02-20,train,235.35114
2007-02-21,train,235.63213
2007-02-22,train,236.42352
2007-02-23,train,237.46729
2007-02-26,train,238.32253
2007-02-27,train,238.69585
2007-02-28,train,237.94846
2007-03-01,train,236.5628
2007-03-02,train,234.83626
2007-03-05,train,232.60515
2007-03-06,train,230.3602
2007-03-07,train,229.10315
2007-03-08,train,228.53178
2007-03-09,train,228.41547
2007-03-12,train,228.51381
2007-03-13,train,228.81569
2007-03-14,train,228.6603
2007-03-15,train,228.44165
2007-03-16,train,228.11546
2007-03-19,train,227.49693
2007-03-20,train,227.04366
2007-03-21,train,226.65344
2007-03-22,train,226.87393
2007-03-23,train,227.73956
2007-03-26,train,228.93874
2007-03-27,train,230.38939
2007-03-28,train,231.79993
2007-03-29,train,232.96571
2007-03-30,train,233.81483
2007-04-02,train,234.24834
2007-04-03,train,234.39021
2007-04-04,train,235.00014
2007-04-05,train,235.79948
2007-04-09,train,236.67616
2007-04-10,train,237.36624
2007-04-11,train,237.78714
2007-04-12,train,237.89934
2007-04-13,train,237.93607
2007-04-16,train,237.8735
2007-04-17,train,238.13316
2007-04-18,train,238.51703
2007-04-19,train,239.09949
2007-04-20,train,239.55186
2007-04-23,train,240.38669
2007-04-24,train,241.23746
2007-04-25,train,241.94492
2007-04-26,train,242.51285
2007-04-27,train,243.08867
2007-04-30,train,243.51735
2007-05-01,train,243.45049
2007-05-02,train,242.95213
2007-05-03,train,242.06761
2007-05-04,train,241.36876
2007-05-07,train,240.76529
2007-05-08,train,240.10098
2007-05-09,train,239.43452
2007-05-10,train,238.94196
2007-05-11,train,238.24059
2007-05-14,train,237.71095
2007-05-15,train,237.1083
2007-05-16,train,236.33127
2007-05-17,train,236.19879
2007-05-18,train,236.42883
2007-05-21,train,236.84248
2007-05-22,train,237.34543
2007-05-23,train,238.10419
2007-05-24,train,238.86972
2007-05-25,train,239.58273
2007-05-29,train,240.62917
2007-05-30,train,241.97168
2007-05-31,train,243.93108
2007-06-01,train,246.0842
2007-06-04,train,248.28033
2007-06-05,train,250.6158
2007-06-06,train,253.38759
2007-06-07,train,256.166
2007-06-08,train,258.5409
2007-06-11,train,260.4528
2007-06-12,train,261.6929
2007-06-13,train,262.07498
2007-06-14,train,261.89267
2007-06-15,train,261.25812
2007-06-18,train,260.54428
2007-06-19,train,260.29874
2007-06-20,train,260.35098
2007-06-21,train,260.38968
2007-06-22,train,260.60834
2007-06-25,train,261.43857
2007-06-26,train,262.70926
2007-06-27,train,264.28268
2007-06-28,train,265.71475
2007-06-29,train,266.8549
2007-07-02,train,267.58636
2007-07-03,train,268.3497
2007-07-05,train,269.25903
2007-07-06,train,270.53375
2007-07-09,train,271.82892
2007-07-10,train,273.1686
2007-07-11,train,274.45114
2007-07-12,train,275.6327
2007-07-13,train,276.6821
2007-07-16,train,277.8766
2007-07-17,train,279.10016
2007-07-18,train,280.3292
2007-07-19,train,281.18896
2007-07-20,train,281.6863
2007-07-23,train,280.5511
2007-07-24,train,278.09546
2007-07-25,train,275.083
2007-07-26,train,271.7998
2007-07-27,train,268.5725
2007-07-30,train,265.87094
2007-07-31,train,263.96506
2007-08-01,train,262.46252
2007-08-02,train,261.4891
2007-08-03,train,260.84705
2007-08-06,train,260.08737
2007-08-07,train,259.63815
2007-08-08,train,259.71252
2007-08-09,train,260.58276
2007-08-10,train,261.36517
2007-08-13,train,262.05463
2007-08-14,train,262.60016
2007-08-15,train,262.6712
2007-08-16,train,261.89987
2007-08-17,train,260.36322
2007-08-20,train,258.8762
2007-08-21,train,257.47037
2007-08-22,train,256.6663
2007-08-23,train,256.62643
2007-08-24,train,257.06332
2007-08-27,train,257.89713
2007-08-28,train,258.8215
2007-08-29,train,259.38437
2007-08-30,train,259.95782
2007-08-31,train,260.41507
2007-09-04,train,260.9384
2007-09-05,train,261.93005
2007-09-06,train,263.26776
2007-09-07,train,264.50574
2007-09-10,train,265.36218
2007-09-11,train,265.65598
2007-09-12,train,265.88095
2007-09-13,train,266.1106
2007-09-14,train,266.43063
2007-09-17,train,266.97397
2007-09-18,train,267.45248
2007-09-19,train,268.3178
2007-09-20,train,269.90918
2007-09-21,train,272.1154
2007-09-24,train,274.86368
2007-09-25,train,278.0847
2007-09-26,train,281.35815
2007-09-27,train,284.31763
2007-09-28,train,286.76443
2007-10-01,train,288.64236
2007-10-02,train,290.7128
2007-10-03,train,292.8189
2007-10-04,train,294.74734
2007-10-05,train,296.15048
2007-10-08,train,297.80396
2007-10-09,train,300.2207
2007-10-10,train,303.18655
2007-10-11,train,306.72684
2007-10-12,train,310.14865
2007-10-15,train,313.9096
2007-10-16,train,316.71353
2007-10-17,train,318.4417
2007-10-18,train,320.15323
2007-10-19,train,322.00385
2007-10-22,train,324.0339
2007-10-23,train,326.29254
2007-10-24,train,329.69644
2007-10-25,train,333.53345
2007-10-26,train,336.94403
2007-10-29,train,340.04987
2007-10-30,train,342.891
2007-10-31,train,346.04956
2007-11-01,train,349.716
2007-11-02,train,353.19592
2007-11-05,train,356.6244
2007-11-06,train,360.39624
2007-11-07,train,364.82114
2007-11-08,train,368.83298
2007-11-09,train,370.32962
2007-11-12,train,368.6476
2007-11-13,train,363.56833
2007-11-14,train,358.1599
2007-11-15,train,352.16806
2007-11-16,train,345.81976
2007-11-19,train,340.03345
2007-11-20,train,334.7799
2007-11-21,train,331.43625
2007-11-23,train,330.20145
2007-11-26,train,331.2071
2007-11-27,train,333.0314
2007-11-28,train,335.5447
2007-11-29,train,339.13303
2007-11-30,train,343.28717
2007-12-03,train,347.21133
2007-12-04,train,350.05728
2007-12-05,train,352.06335
2007-12-06,train,354.03323
2007-12-07,train,356.61368
2007-12-10,train,359.34357
2007-12-11,train,362.09738
2007-12-12,train,363.6894
2007-12-13,train,364.39865
2007-12-14,train,364.22397
2007-12-17,train,363.31384
2007-12-18,train,361.03644
2007-12-19,train,358.30322
2007-12-20,train,355.73285
2007-12-21,train,354.10953
2007-12-24,train,353.59158
2007-12-26,train,354.0299
2007-12-27,train,355.52158
2007-12-28,train,357.05453
2007-12-31,train,358.54346
2008-01-02,train,359.32022
2008-01-03,train,359.25864
2008-01-04,train,358.6684
2008-01-07,train,356.44098
2008-01-08,train,353.00644
2008-01-09,train,348.28082
2008-01-10,train,344.19922
2008-01-11,train,340.61362
2008-01-14,train,337.287
2008-01-15,train,335.17535
2008-01-16,train,333.26352
2008-01-17,train,330.60965
2008-01-18,train,326.97922
2008-01-22,train,323.01117
2008-01-23,train,318.42828
2008-01-24,train,312.1707
2008-01-25,train,306.6232
2008-01-28,train,301.6646
2008-01-29,train,297.0525
2008-01-30,train,292.81876
2008-01-31,train,289.09668
2008-02-01,train,286.7939
2008-02-04,train,283.3166
2008-02-05,train,278.39444
2008-02-06,train,273.494
2008-02-07,train,268.81335
2008-02-08,train,264.85828
2008-02-11,train,262.292
2008-02-12,train,261.0751
2008-02-13,train,260.69113
2008-02-14,train,261.647
2008-02-15,train,263.259
2008-02-19,train,265.00375
2008-02-20,train,265.66913
2008-02-21,train,265.5514
2008-02-22,train,264.63876
2008-02-25,train,263.53134
2008-02-26,train,261.39902
2008-02-27,train,257.74487
2008-02-28,train,253.84172
2008-02-29,train,250.26694
2008-03-03,train,247.04868
2008-03-04,train,243.69145
2008-03-05,train,239.95366
2008-03-06,train,236.44112
2008-03-07,train,232.68529
2008-03-10,train,229.13152
2008-03-11,train,225.09914
2008-03-12,train,222.33922
2008-03-13,train,220.69014
2008-03-14,train,220.04741
2008-03-17,train,219.86806
2008-03-18,train,219.13425
2008-03-19,train,218.9859
2008-03-20,train,218.8972
2008-03-24,train,218.92068
2008-03-25,train,220.28734
2008-03-26,train,221.959
2008-03-27,train,224.01625
2008-03-28,train,225.46259
2008-03-31,train,226.07782
2008-04-01,train,226.2001
2008-04-02,train,227.18921
2008-04-03,train,228.67899
2008-04-04,train,229.86542
2008-04-07,train,231.49234
2008-04-08,train,233.53535
2008-04-09,train,235.23882
2008-04-10,train,236.38524
2008-04-11,train,237.29062
2008-04-14,train,237.4114
2008-04-15,train,236.73628
2008-04-16,train,235.38036
2008-04-17,train,234.09901
2008-04-18,train,232.74033
2008-04-21,train,235.71841
2008-04-22,train,241.241
2008-04-23,train,248.72792
2008-04-24,train,256.36737
2008-04-25,train,263.19086
2008-04-28,train,268.87115
2008-04-29,train,273.66055
2008-04-30,train,277.7441
2008-05-01,train,281.7688
2008-05-02,train,286.30817
2008-05-05,train,290.2239
2008-05-06,train,294.0334
2008-05-07,train,297.02475
2008-05-08,train,298.86743
2008-05-09,train,299.99637
2008-05-12,train,300.107
2008-05-13,train,300.1235
2008-05-14,train,300.00446
2008-05-15,train,299.50528
2008-05-16,train,299.03745
2008-05-19,train,298.59595
2008-05-20,train,298.09576
2008-05-21,train,297.65662
2008-05-22,train,295.93628
2008-05-23,train,293.5118
2008-05-27,train,290.6232
2008-05-28,train,288.47885
2008-05-29,train,287.3767
2008-05-30,train,287.763
2008-06-02,train,289.2135
2008-06-03,train,290.69366
2008-06-04,train,291.66733
2008-06-05,train,292.4383
2008-06-06,train,293.67224
2008-06-09,train,294.1773
2008-06-10,train,293.72598
2008-06-11,train,292.5178
2008-06-12,train,290.50897
2008-06-13,train,288.5418
2008-06-16,train,287.67807
2008-06-17,train,287.68817
2008-06-18,train,288.10806
2008-06-19,train,288.4084
2008-06-20,train,288.48578
2008-06-23,train,287.74652
2008-06-24,train,286.47986
2008-06-25,train,284.8492
2008-06-26,train,283.55072
2008-06-27,train,281.54282
2008-06-30,train,279.2202
2008-07-01,train,276.8271
2008-07-02,train,275.0044
2008-07-03,train,273.35995
2008-07-07,train,272.4512
2008-07-08,train,272.43018
2008-07-09,train,273.48947
2008-07-10,train,274.5292
2008-07-11,train,275.3954
2008-07-14,train,275.73264
2008-07-15,train,275.10788
2008-07-16,train,273.6484
2008-07-17,train,272.70944
2008-07-18,train,272.11017
2008-07-21,train,269.32367
2008-07-22,train,264.76083
2008-07-23,train,259.8464
2008-07-24,train,255.74088
2008-07-25,train,251.91716
2008-07-28,train,249.39987
2008-07-29,train,247.26413
2008-07-30,train,245.8378
2008-07-31,train,244.97093
2008-08-01,train,244.10947
2008-08-04,train,243.03229
2008-08-05,train,241.6678
2008-08-06,train,241.02855
2008-08-07,train,241.23549
2008-08-08,train,241.63614
2008-08-11,train,242.86847
2008-08-12,train,244.80574
2008-08-13,train,247.1042
2008-08-14,train,249.29524
2008-08-15,train,251.46358
2008-08-18,train,253.63657
2008-08-19,train,255.05196
2008-08-20,train,255.47058
2008-08-21,train,254.94208
2008-08-22,train,253.92557
2008-08-25,train,252.89139
2008-08-26,train,251.59769
2008-08-27,train,249.84108
2008-08-28,train,247.68016
2008-08-29,train,245.70004
2008-09-02,train,243.52963
2008-09-03,train,241.5235
2008-09-04,train,239.76807
2008-09-05,train,237.66628
2008-09-08,train,235.23524
2008-09-09,train,231.65761
2008-09-10,train,227.5822
2008-09-11,train,223.34174
2008-09-12,train,220.30537
2008-09-15,train,218.53471
2008-09-16,train,217.57567
2008-09-17,train,217.64713
2008-09-18,train,217.03088
2008-09-19,train,217.14488
2008-09-22,train,218.20325
2008-09-23,train,218.88579
2008-09-24,train,219.19812
2008-09-25,train,219.50618
2008-09-26,train,219.99847
2008-09-29,train,220.16748
2008-09-30,train,217.74753
2008-10-01,train,214.74568
2008-10-02,train,212.18361
2008-10-03,train,209.17232
2008-10-06,train,205.97061
2008-10-07,train,202.19798
2008-10-08,train,197.20416
2008-10-09,train,191.47656
2008-10-10,train,185.35762
2008-10-13,train,179.67711
2008-10-14,train,177.10057
2008-10-15,train,175.98398
2008-10-16,train,174.79483
2008-10-17,train,174.26259
2008-10-20,train,175.11176
2008-10-21,train,177.11151
2008-10-22,train,178.89471
2008-10-23,train,180.00737
2008-10-24,train,180.40121
2008-10-27,train,179.67125
2008-10-28,train,177.80759
2008-10-29,train,177.21378
2008-10-30,train,177.05301
2008-10-31,train,177.27309
2008-11-03,train,177.70529
2008-11-04,train,177.62656
2008-11-05,train,178.16275
2008-11-06,train,177.9078
2008-11-07,train,176.61981
2008-11-10,train,174.75691
2008-11-11,train,172.11417
2008-11-12,train,168.8575
2008-11-13,train,164.54155
2008-11-14,train,160.89563
2008-11-17,train,157.95308
2008-11-18,train,155.28308
2008-11-19,train,152.8942
2008-11-20,train,150.09006
2008-11-21,train,146.28027
2008-11-24,train,142.25996
2008-11-25,train,138.23547
2008-11-26,train,135.71738
2008-11-28,train,134.91736
2008-12-01,train,135.36998
2008-12-02,train,135.33076
2008-12-03,train,135.34424
2008-12-04,train,135.58449
2008-12-05,train,135.71388
2008-12-08,train,136.20085
2008-12-09,train,137.73482
2008-12-10,train,140.0187
2008-12-11,train,142.7213
2008-12-12,train,145.04309
2008-12-15,train,147.6124
2008-12-16,train,149.88275
2008-12-17,train,152.43022
2008-12-18,train,154.47256
2008-12-19,train,155.75777
2008-12-22,train,156.4214
2008-12-23,train,156.01282
2008-12-24,train,154.9782
2008-12-26,train,153.86987
2008-12-29,train,152.71169
2008-12-30,train,151.4964
2008-12-31,train,150.62157
2009-01-02,train,150.26955
2009-01-05,train,150.93668
2009-01-06,train,152.5377
2009-01-07,train,154.88652
2009-01-08,train,156.93959
2009-01-09,train,158.73427
2009-01-12,train,159.71442
2009-01-13,train,159.94856
2009-01-14,train,159.75047
2009-01-15,train,158.67409
2009-01-16,train,157.02531
2009-01-20,train,155.19089
2009-01-21,train,152.6236
2009-01-22,train,150.74857
2009-01-23,train,149.6851
2009-01-26,train,150.11145
2009-01-27,train,151.45343
2009-01-28,train,153.6183
2009-01-29,train,156.92259
2009-01-30,train,160.4224
2009-02-02,train,163.4845
2009-02-03,train,166.05711
2009-02-04,train,168.06529
2009-02-05,train,169.6436
2009-02-06,train,171.31041
2009-02-09,train,173.72908
2009-02-10,train,176.79759
2009-02-11,train,179.06738
2009-02-12,train,180.56276
2009-02-13,train,181.64638
2009-02-17,train,182.11958
2009-02-18,train,181.45013
2009-02-19,train,180.58044
2009-02-20,train,179.1879
2009-02-23,train,177.76207
2009-02-24,train,175.68765
2009-02-25,train,174.08946
2009-02-26,train,172.78758
2009-02-27,train,171.58958
2009-03-02,train,170.59924
2009-03-03,train,169.32358
2009-03-04,train,167.88358
2009-03-05,train,166.15424
2009-03-06,train,163.76474
2009-03-09,train,161.28424
2009-03-10,train,158.14917
2009-03-11,train,155.66283
2009-03-12,train,154.3037
2009-03-13,train,154.08498
2009-03-16,train,154.67673
2009-03-17,train,155.51227
2009-03-18,train,157.14377
2009-03-19,train,159.04588
2009-03-20,train,160.79187
2009-03-23,train,162.27388
2009-03-24,train,164.30855
2009-03-25,train,166.47163
2009-03-26,train,168.37668
2009-03-27,train,170.36743
2009-03-30,train,171.97891
2009-03-31,train,172.95715
2009-04-01,train,173.6816
2009-04-02,train,174.46782
2009-04-03,train,175.63176
2009-04-06,train,177.29305
2009-04-07,train,179.06476
2009-04-08,train,180.29225
2009-04-09,train,181.19614
2009-04-13,train,182.30107
2009-04-14,train,183.71414
2009-04-15,train,184.77643
2009-04-16,train,186.00314
2009-04-17,train,187.66916
2009-04-20,train,189.64554
2009-04-21,train,191.03745
2009-04-22,train,192.00835
2009-04-23,train,192.72797
2009-04-24,train,193.26323
2009-04-27,train,193.86201
2009-04-28,train,194.29065
2009-04-29,train,194.46483
2009-04-30,train,194.82234
2009-05-01,train,195.48814
2009-05-04,train,196.19385
2009-05-05,train,197.24956
2009-05-06,train,198.48978
2009-05-07,train,199.75893
2009-05-08,train,200.6048
2009-05-11,train,201.59433
2009-05-12,train,202.62646
2009-05-13,train,203.17302
2009-05-14,train,202.90077
2009-05-15,train,202.01706
2009-05-18,train,200.93639
2009-05-19,train,200.15875
2009-05-20,train,199.76054
2009-05-21,train,199.57314
2009-05-22,train,199.50629
2009-05-26,train,199.37854
2009-05-27,train,199.72754
2009-05-28,train,200.41856
2009-05-29,train,201.49721
2009-06-01,train,203.05196
2009-06-02,train,205.21645
2009-06-03,train,207.66998
2009-06-04,train,210.23631
2009-06-05,train,213.04503
2009-06-08,train,215.94788
2009-06-09,train,218.3846
2009-06-10,train,220.14021
2009-06-11,train,221.14763
2009-06-12,train,221.40974
2009-06-15,train,220.97379
2009-06-16,train,219.75157
2009-06-17,train,218.09912
2009-06-18,train,216.28865
2009-06-19,train,214.49905
2009-06-22,train,213.1773
2009-06-23,train,211.68933
2009-06-24,train,210.1402
2009-06-25,train,208.85643
2009-06-26,train,208.1688
2009-06-29,train,208.38632
2009-06-30,train,209.12247
2009-07-01,train,210.00032
2009-07-02,train,210.7544
2009-07-06,train,210.85219
2009-07-07,train,210.55301
2009-07-08,train,209.4115
2009-07-09,train,208.09631
2009-07-10,train,207.17099
2009-07-13,train,206.78911
2009-07-14,train,207.27193
2009-07-15,train,208.30003
2009-07-16,train,210.22078
2009-07-17,train,212.75812
2009-07-20,train,214.87453
2009-07-21,train,216.49817
2009-07-22,train,217.5366
2009-07-23,train,218.08795
2009-07-24,train,218.73306
2009-07-27,train,219.83937
2009-07-28,train,221.06967
2009-07-29,train,222.03629
2009-07-30,train,222.56738
2009-07-31,train,223.20708
2009-08-03,train,223.7456
2009-08-04,train,224.60469
2009-08-05,train,225.67438
2009-08-06,train,226.66342
2009-08-07,train,227.46939
2009-08-10,train,228.39897
2009-08-11,train,229.30573
2009-08-12,train,229.98987
2009-08-13,train,230.6848
2009-08-14,train,231.5026
2009-08-17,train,232.22275
2009-08-18,train,232.09883
2009-08-19,train,231.44618
2009-08-20,train,230.44958
2009-08-21,train,230.10364
2009-08-24,train,230.46059
2009-08-25,train,231.4166
2009-08-26,train,232.79962
2009-08-27,train,234.16852
2009-08-28,train,235.30032
2009-08-31,train,236.10408
2009-09-01,train,236.47195
2009-09-02,train,236.24283
2009-09-03,train,235.517
2009-09-04,train,234.75224
2009-09-08,train,234.22179
2009-09-09,train,233.7757
2009-09-10,train,233.68007
2009-09-11,train,234.15419
2009-09-14,train,235.01555
2009-09-15,train,236.18777
2009-09-16,train,237.56479
2009-09-17,train,239.45372
2009-09-18,train,241.66695
2009-09-21,train,243.87392
2009-09-22,train,246.13214
2009-09-23,train,248.31398
2009-09-24,train,250.21814
2009-09-25,train,251.68762
2009-09-28,train,252.53833
2009-09-29,train,253.19904
2009-09-30,train,253.68657
2009-10-01,train,253.89908
2009-10-02,train,253.50885
2009-10-05,train,252.63933
2009-10-06,train,251.72841
2009-10-07,train,251.36748
2009-10-08,train,252.30144
2009-10-09,train,253.84564
2009-10-12,train,255.7369
2009-10-13,train,258.0391
2009-10-14,train,260.4887
2009-10-15,train,263.24066
2009-10-16,train,265.67737
2009-10-19,train,268.62958
2009-10-20,train,271.75943
2009-10-21,train,274.70255
2009-10-22,train,277.2234
2009-10-23,train,279.38156
2009-10-26,train,281.09253
2009-10-27,train,282.38846
2009-10-28,train,283.0232
2009-10-29,train,282.79846
2009-10-30,train,282.5553
2009-11-02,train,281.62747
2009-11-03,train,280.24643
2009-11-04,train,278.8607
2009-11-05,train,277.75266
2009-11-06,train,277.3296
2009-11-09,train,277.5121
2009-11-10,train,278.61258
2009-11-11,train,280.4074
2009-11-12,train,282.661
2009-11-13,train,284.86505
2009-11-16,train,287.02267
2009-11-17,train,289.14752
2009-11-18,train,291.11288
2009-11-19,train,292.7555
2009-11-20,train,293.866
2009-11-23,train,294.38882
2009-11-24,train,295.0793
2009-11-25,train,295.8628
2009-11-27,train,296.77042
2009-11-30,train,297.39468
2009-12-01,train,297.93277
2009-12-02,train,298.69504
2009-12-03,train,299.42462
2009-12-04,train,299.9833
2009-12-07,train,300.3449
2009-12-08,train,300.6056
2009-12-09,train,300.81784
2009-12-10,train,301.0765
2009-12-11,train,301.46298
2009-12-14,train,301.85205
2009-12-15,train,302.4566
2009-12-16,train,303.02255
2009-12-17,train,303.73123
2009-12-18,train,304.28476
2009-12-21,train,304.8044
2009-12-22,train,305.36246
2009-12-23,train,306.01233
2009-12-24,train,307.16818
2009-12-28,train,308.87338
2009-12-29,train,310.98825
2009-12-30,train,313.0045
2009-12-31,train,314.92453
2010-01-04,train,316.47015
2010-01-05,train,317.95483
2010-01-06,train,319.135
2010-01-07,train,319.263
2010-01-08,train,318.02664
2010-01-11,train,316.40466
2010-01-12,train,314.65247
2010-01-13,train,312.48642
2010-01-14,train,310.0987
2010-01-15,train,307.9226
2010-01-19,train,305.6189
2010-01-20,train,303.8063
2010-01-21,train,302.13406
2010-01-22,train,300.82434
2010-01-25,train,298.2946
2010-01-26,train,294.71677
2010-01-27,train,290.89273
2010-01-28,train,287.24817
2010-01-29,train,283.69016
2010-02-01,train,280.3075
2010-02-02,train,277.4897
2010-02-03,train,275.20224
2010-02-04,train,273.9212
2010-02-05,train,272.73785
2010-02-08,train,271.92236
2010-02-09,train,271.51068
2010-02-10,train,271.53104
2010-02-11,train,271.72778
2010-02-12,train,272.10452
2010-02-16,train,272.4007
2010-02-17,train,272.99963
2010-02-18,train,273.5929
2010-02-19,train,274.3636
2010-02-22,train,275.06134
2010-02-23,train,275.7427
2010-02-24,train,275.98285
2010-02-25,train,275.741
2010-02-26,train,274.969
2010-03-01,train,273.94388
2010-03-02,train,273.1345
2010-03-03,train,272.94638
2010-03-04,train,273.38968
2010-03-05,train,274.6448
2010-03-08,train,276.7681
2010-03-09,train,279.17255
2010-03-10,train,281.41736
2010-03-11,train,284.11563
2010-03-12,train,287.08313
2010-03-15,train,289.876
2010-03-16,train,291.51532
2010-03-17,train,292.34766
2010-03-18,train,292.60303
2010-03-19,train,292.5142
2010-03-22,train,291.92017
2010-03-23,train,290.94498
2010-03-24,train,289.4167
2010-03-25,train,288.07184
2010-03-26,train,287.2429
2010-03-29,train,286.8238
2010-03-30,train,286.6981
2010-03-31,train,286.9723
2010-04-01,train,287.49524
2010-04-05,train,288.20554
2010-04-06,train,289.0716
2010-04-07,train,289.82184
2010-04-08,train,290.20062
2010-04-09,train,290.4884
2010-04-12,train,290.63226
2010-04-13,train,290.9829
2010-04-14,train,292.10983
2010-04-15,train,293.7499
2010-04-16,train,295.87238
2010-04-19,train,295.9543
2010-04-20,train,294.68787
2010-04-21,train,292.89587
2010-04-22,train,290.90796
2010-04-23,train,288.6483
2010-04-26,train,286.33096
2010-04-27,train,283.56046
2010-04-28,train,280.62622
2010-04-29,train,277.85992
2010-04-30,train,275.59058
2010-05-03,train,273.55334
2010-05-04,train,272.07935
2010-05-05,train,269.95084
2010-05-06,train,267.73465
2010-05-07,train,265.1311
2010-05-10,train,262.2456
2010-05-11,train,260.78693
2010-05-12,train,259.80692
2010-05-13,train,259.04736
2010-05-14,train,258.7469
2010-05-17,train,258.605
2010-05-18,train,258.58987
2010-05-19,train,258.19507
2010-05-20,train,257.3926
2010-05-21,train,255.47368
2010-05-24,train,252.85632
2010-05-25,train,250.26808
2010-05-26,train,247.94322
2010-05-27,train,245.93501
2010-05-28,train,245.02705
2010-06-01,train,244.69576
2010-06-02,train,244.60654
2010-06-03,train,245.18942
2010-06-04,train,246.73119
2010-06-07,train,248.42728
2010-06-08,train,249.42769
2010-06-09,train,249.83052
2010-06-10,train,249.29286
2010-06-11,train,248.80635
2010-06-14,train,248.48338
2010-06-15,train,248.05666
2010-06-16,train,248.30487
2010-06-17,train,249.13464
2010-06-18,train,250.21236
2010-06-21,train,251.34392
2010-06-22,train,251.85551
2010-06-23,train,251.79669
2010-06-24,train,251.17076
2010-06-25,train,249.9069
2010-06-28,train,248.23297
2010-06-29,train,246.4239
2010-06-30,train,243.85829
2010-07-01,train,240.59158
2010-07-02,train,236.90717
2010-07-06,train,233.15048
2010-07-07,train,229.67064
2010-07-08,train,227.35791
2010-07-09,train,226.327
2010-07-12,train,226.74188
2010-07-13,train,228.44965
2010-07-14,train,231.46391
2010-07-15,train,235.14105
2010-07-16,train,239.01862
2010-07-19,train,241.01892
2010-07-20,train,241.8941
2010-07-21,train,242.6888
2010-07-22,train,243.18904
2010-07-23,train,243.81339
2010-07-26,train,244.72543
2010-07-27,train,245.70041
2010-07-28,train,246.80301
2010-07-29,train,247.49677
2010-07-30,train,247.8863
2010-08-02,train,248.03589
2010-08-03,train,248.28255
2010-08-04,train,248.54987
2010-08-05,train,249.59192
2010-08-06,train,251.13763
2010-08-09,train,252.49571
2010-08-10,train,253.84067
2010-08-11,train,254.97292
2010-08-12,train,255.29352
2010-08-13,train,255.0651
2010-08-16,train,254.23657
2010-08-17,train,253.06374
2010-08-18,train,252.01659
2010-08-19,train,250.76224
2010-08-20,train,248.81888
2010-08-23,train,246.31787
2010-08-24,train,243.7779
2010-08-25,train,240.85172
2010-08-26,train,238.09116
2010-08-27,train,235.52173
2010-08-30,train,233.68094
2010-08-31,train,232.1954
2010-09-01,train,230.94171
2010-09-02,train,230.4292
2010-09-03,train,230.57921
2010-09-07,train,231.47815
2010-09-08,train,232.49762
2010-09-09,train,233.77992
2010-09-10,train,235.37459
2010-09-13,train,237.02222
2010-09-14,train,238.8395
2010-09-15,train,240.51378
2010-09-16,train,241.9492
2010-09-17,train,243.1174
2010-09-20,train,244.43825
2010-09-21,train,246.60721
2010-09-22,train,249.39035
2010-09-23,train,252.44196
2010-09-24,train,255.2638
2010-09-27,train,258.32645
2010-09-28,train,261.4163
2010-09-29,train,264.08844
2010-09-30,train,266.26788
2010-10-01,train,267.8401
2010-10-04,train,268.87177
2010-10-05,train,269.31195
2010-10-06,train,270.09222
2010-10-07,train,270.85516
2010-10-08,train,271.33887
2010-10-11,train,271.89975
2010-10-12,train,272.5827
2010-10-13,train,273.4079
2010-10-14,train,274.34296
2010-10-15,train,275.15152
2010-10-18,train,278.68643
2010-10-19,train,284.46948
2010-10-20,train,290.70715
2010-10-21,train,296.6432
2010-10-22,train,302.0016
2010-10-25,train,306.50546
2010-10-26,train,310.23175
2010-10-27,train,313.22272
2010-10-28,train,315.37708
2010-10-29,train,316.91086
2010-11-01,train,317.68765
2010-11-02,train,317.9834
2010-11-03,train,317.98596
2010-11-04,train,318.0328
2010-11-05,train,318.31223
2010-11-08,train,318.7642
2010-11-09,train,319.37103
2010-11-10,train,319.92957
2010-11-11,train,320.31146
2010-11-12,train,320.2707
2010-11-15,train,319.29645
2010-11-16,train,317.43597
2010-11-17,train,314.61758
2010-11-18,train,311.43777
2010-11-19,train,308.9455
2010-11-22,train,306.86783
2010-11-23,train,305.2727
2010-11-24,train,303.74124
2010-11-26,train,302.9518
2010-11-29,train,302.47238
2010-11-30,train,301.8532
2010-12-01,train,299.93118
2010-12-02,train,297.73828
2010-12-03,train,295.9253
2010-12-06,train,294.59
2010-12-07,train,293.9464
2010-12-08,train,294.2282
2010-12-09,train,295.24228
2010-12-10,train,296.6744
2010-12-13,train,298.26675
2010-12-14,train,299.91922
2010-12-15,train,301.46423
2010-12-16,train,302.57263
2010-12-17,train,303.36118
2010-12-20,train,303.82874
2010-12-21,train,304.25397
2010-12-22,train,305.00217
2010-12-23,train,306.01425
2010-12-27,train,307.04797
2010-12-28,train,307.9117
2010-12-29,train,308.4189
2010-12-30,train,308.7472
2010-12-31,train,308.82996
2011-01-03,train,308.51685
2011-01-04,train,308.4748
2011-01-05,train,308.51224
2011-01-06,train,308.93393
2011-01-07,train,309.77914
2011-01-10,train,310.96143
2011-01-11,train,312.1436
2011-01-12,train,313.29776
2011-01-13,train,314.36478
2011-01-14,train,315.26743
2011-01-18,train,316.3392
2011-01-19,train,318.16403
2011-01-20,train,319.93588
2011-01-21,train,321.27115
2011-01-24,train,321.48248
2011-01-25,train,320.91086
2011-01-26,train,320.3125
2011-01-27,train,319.60226
2011-01-28,train,318.91055
2011-01-31,train,317.5469
2011-02-01,train,315.8454
2011-02-02,train,314.59238
2011-02-03,train,313.79718
2011-02-04,train,313.28693
2011-02-07,train,313.0445
2011-02-08,train,313.15002
2011-02-09,train,313.6609
2011-02-10,train,314.29224
2011-02-11,train,314.9342
2011-02-14,train,315.9032
2011-02-15,train,317.1668
2011-02-16,train,318.31207
2011-02-17,train,319.27524
2011-02-18,train,320.07916
2011-02-22,train,320.9372
2011-02-23,train,320.80475
2011-02-24,train,320.09833
2011-02-25,train,318.96942
2011-02-28,train,317.7382
2011-03-01,train,316.72342
2011-03-02,train,315.3467
2011-03-03,train,313.86523
2011-03-04,train,312.86987
2011-03-07,train,311.85693
2011-03-08,train,310.49686
2011-03-09,train,309.06177
2011-03-10,train,307.68124
2011-03-11,train,305.9161
2011-03-14,train,303.88995
2011-03-15,train,301.55838
2011-03-16,train,299.22137
2011-03-17,train,296.5033
2011-03-18,train,293.98737
2011-03-21,train,291.81866
2011-03-22,train,290.80826
2011-03-23,train,290.6822
2011-03-24,train,291.36505
2011-03-25,train,292.72263
2011-03-28,train,294.03775
2011-03-29,train,294.97882
2011-03-30,train,295.8819
2011-03-31,train,296.6798
2011-04-01,train,297.5723
2011-04-04,train,298.68768
2011-04-05,train,299.65204
2011-04-06,train,299.5435
2011-04-07,train,298.9882
2011-04-08,train,298.4758
2011-04-11,train,297.96164
2011-04-12,train,297.46362
2011-04-13,train,296.70325
2011-04-14,train,296.11227
2011-04-15,train,295.79346
2011-04-18,train,293.4075
2011-04-19,train,289.70453
2011-04-20,train,285.23206
2011-04-21,train,280.87915
2011-04-25,train,276.9874
2011-04-26,train,273.75818
2011-04-27,train,271.62402
2011-04-28,train,270.6281
2011-04-29,train,270.46338
2011-05-02,train,271.12802
2011-05-03,train,271.99002
2011-05-04,train,272.65903
2011-05-05,train,273.21466
2011-05-06,train,273.5658
2011-05-09,train,273.79816
2011-05-10,train,274.0463
2011-05-11,train,274.52213
2011-05-12,train,274.7637
2011-05-13,train,274.81042
2011-05-16,train,274.4644
2011-05-17,train,273.3662
2011-05-18,train,272.45038
2011-05-19,train,271.7156
2011-05-20,train,271.24094
2011-05-23,train,270.63803
2011-05-24,train,269.73486
2011-05-25,train,268.70786
2011-05-26,train,267.76038
2011-05-27,train,266.87997
2011-05-31,train,266.2553
2011-06-01,train,266.23996
2011-06-02,train,266.46124
2011-06-03,train,266.9274
2011-06-06,train,267.26746
2011-06-07,train,267.39072
2011-06-08,train,267.26038
2011-06-09,train,266.9823
2011-06-10,train,266.51968
2011-06-13,train,265.6388
2011-06-14,train,264.33975
2011-06-15,train,263.06122
2011-06-16,train,261.66217
2011-06-17,train,260.19238
2011-06-20,train,258.08423
2011-06-21,train,255.72617
2011-06-22,train,253.81949
2011-06-23,train,252.10492
2011-06-24,train,250.34923
2011-06-27,train,248.46696
2011-06-28,train,247.04129
2011-06-29,train,246.55779
2011-06-30,train,246.92143
2011-07-01,train,248.21678
2011-07-05,train,250.68895
2011-07-06,train,254.23741
2011-07-07,train,258.29
2011-07-08,train,262.818
2011-07-11,train,266.5319
2011-07-12,train,269.1353
2011-07-13,train,271.09354
2011-07-14,train,272.66635
2011-07-15,train,273.41827
2011-07-18,train,276.85098
2011-07-19,train,281.62268
2011-07-20,train,287.19522
2011-07-21,train,292.41504
2011-07-22,train,297.4628
2011-07-25,train,302.46368
2011-07-26,train,307.01138
2011-07-27,train,311.02075
2011-07-28,train,313.58746
2011-07-29,train,315.17218
2011-08-01,train,315.64514
2011-08-02,train,315.52353
2011-08-03,train,314.36456
2011-08-04,train,313.07764
2011-08-05,train,310.71658
2011-08-08,train,307.9608
2011-08-09,train,303.64136
2011-08-10,train,300.00946
2011-08-11,train,296.00992
2011-08-12,train,292.76633
2011-08-15,train,290.39008
2011-08-16,train,288.48212
2011-08-17,train,286.1746
2011-08-18,train,283.52145
2011-08-19,train,279.53217
2011-08-22,train,274.36493
2011-08-23,train,269.24002
2011-08-24,train,265.5961
2011-08-25,train,263.47855
2011-08-26,train,262.39554
2011-08-29,train,262.3916
2011-08-30,train,263.65143
2011-08-31,train,265.6785
2011-09-01,train,268.0098
2011-09-02,train,269.90118
2011-09-06,train,270.94992
2011-09-07,train,271.21826
2011-09-08,train,271.5192
2011-09-09,train,271.87177
2011-09-12,train,271.75647
2011-09-13,train,271.60013
2011-09-14,train,271.40845
2011-09-15,train,271.33734
2011-09-16,train,271.85352
2011-09-19,train,272.9054
2011-09-20,train,274.20877
2011-09-21,train,275.54843
2011-09-22,train,276.42844
2011-09-23,train,276.04077
2011-09-26,train,275.08862
2011-09-27,train,274.16687
2011-09-28,train,273.71802
2011-09-29,train,273.13168
2011-09-30,train,272.44604
2011-10-03,train,271.1651
2011-10-04,train,268.68417
2011-10-05,train,265.94553
2011-10-06,train,263.42953
2011-10-07,train,261.77353
2011-10-10,train,260.85757
2011-10-11,train,261.55237
2011-10-12,train,263.51874
2011-10-13,train,266.37427
2011-10-14,train,270.02728
2011-10-17,train,275.40723
2011-10-18,train,280.96616
2011-10-19,train,286.49646
2011-10-20,train,291.01422
2011-10-21,train,294.5921
2011-10-24,train,297.56094
2011-10-25,train,300.16052
2011-10-26,train,301.66727
2011-10-27,train,302.49203
2011-10-28,train,303.40466
2011-10-31,train,304.3806
2011-11-01,train,304.96494
2011-11-02,train,304.58078
2011-11-03,train,303.90076
2011-11-04,train,303.70374
2011-11-07,train,303.78616
2011-11-08,train,304.63043
2011-11-09,train,306.08456
2011-11-10,train,307.25336
2011-11-11,train,307.8398
2011-11-14,train,308.6208
2011-11-15,train,309.68036
2011-11-16,train,310.9984
2011-11-17,train,312.12143
2011-11-18,train,312.50702
2011-11-21,train,312.09164
2011-11-22,train,310.53342
2011-11-23,train,308.3396
2011-11-25,train,305.47552
2011-11-28,train,302.11337
2011-11-29,train,299.94333
2011-11-30,train,298.50998
2011-12-01,train,298.47385
2011-12-02,train,300.02966
2011-12-05,train,302.78043
2011-12-06,train,306.2873
2011-12-07,train,309.84833
2011-12-08,train,313.07697
2011-12-09,train,315.42755
2011-12-12,train,317.53217
2011-12-13,train,319.19208
2011-12-14,train,320.4337
2011-12-15,train,320.93912
2011-12-16,train,321.00208
2011-12-19,train,321.0905
2011-12-20,train,321.00256
2011-12-21,train,321.2259
2011-12-22,train,321.41876
2011-12-23,train,321.76266
2011-12-27,train,322.3373
2011-12-28,train,323.34872
2011-12-29,train,324.52274
2011-12-30,train,325.8206
2012-01-03,train,327.2428
2012-01-04,train,329.54684
2012-01-05,train,332.34622
2012-01-06,train,334.76096
2012-01-09,train,336.26706
2012-01-10,train,335.72464
2012-01-11,train,333.94635
2012-01-12,train,331.67966
2012-01-13,train,329.50342
2012-01-17,train,327.384
2012-01-18,train,325.67996
2012-01-19,train,324.6127
2012-01-20,train,324.37396
2012-01-23,train,322.13037
2012-01-24,train,318.7607
2012-01-25,train,314.74265
2012-01-26,train,310.13614
2012-01-27,train,305.51233
2012-01-30,train,301.8716
2012-01-31,train,299.1003
2012-02-01,train,297.25977
2012-02-02,train,296.21466
2012-02-03,train,295.96927
2012-02-06,train,296.7832
2012-02-07,train,298.80432
2012-02-08,train,301.29776
2012-02-09,train,303.99637
2012-02-10,train,306.63934
2012-02-13,train,308.72638
2012-02-14,train,310.55573
2012-02-15,train,311.93488
2012-02-16,train,312.70102
2012-02-17,train,313.0526
2012-02-21,train,313.02313
2012-02-22,train,313.20673
2012-02-23,train,313.23267
2012-02-24,train,313.0733
2012-02-27,train,312.992
2012-02-28,train,312.94363
2012-02-29,train,313.357
2012-03-01,train,314.0267
2012-03-02,train,314.9985
2012-03-05,train,316.01834
2012-03-06,train,316.63687
2012-03-07,train,316.4907
2012-03-08,train,315.949
2012-03-09,train,315.22144
2012-03-12,train,314.11978
2012-03-13,train,313.1171
2012-03-14,train,312.8791
2012-03-15,train,313.0794
2012-03-16,train,313.79062
2012-03-19,train,314.9486
2012-03-20,train,316.7102
2012-03-21,train,318.67032
2012-03-22,train,320.88144
2012-03-23,train,323.33533
2012-03-26,train,325.55045
2012-03-27,train,327.7269
2012-03-28,train,329.56656
2012-03-29,train,331.44058
2012-03-30,train,332.8165
2012-04-02,train,333.40646
2012-04-03,train,333.71133
2012-04-04,train,333.60687
2012-04-05,train,332.90128
2012-04-09,train,331.7457
2012-04-10,train,330.343
2012-04-11,train,328.72794
2012-04-12,train,327.5657
2012-04-13,train,327.52814
2012-04-16,train,326.9625
2012-04-17,train,325.2169
2012-04-18,train,323.0242
2012-04-19,train,320.64145
2012-04-20,train,317.97263
2012-04-23,train,315.21362
2012-04-24,train,312.7248
2012-04-25,train,310.81567
2012-04-26,train,309.8599
2012-04-27,train,309.88055
2012-04-30,train,310.50006
2012-05-01,train,310.9524
2012-05-02,train,311.2174
2012-05-03,train,311.4595
2012-05-04,train,311.83975
2012-05-07,train,311.60352
2012-05-08,train,311.4925
2012-05-09,train,311.7246
2012-05-10,train,311.98883
2012-05-11,train,312.4653
2012-05-14,train,312.63147
2012-05-15,train,312.52017
2012-05-16,train,312.5769
2012-05-17,train,313.59155
2012-05-18,train,314.8576
2012-05-21,train,315.08572
2012-05-22,train,315.26593
2012-05-23,train,314.7614
2012-05-24,train,314.27747
2012-05-25,train,313.58023
2012-05-29,train,312.2368
2012-05-30,train,310.73398
2012-05-31,train,308.97858
2012-06-01,train,306.8742
2012-06-04,train,304.26834
2012-06-05,train,301.9388
2012-06-06,train,299.61673
2012-06-07,train,297.9965
2012-06-08,train,296.86874
2012-06-11,train,296.26508
2012-06-12,train,295.4789
2012-06-13,train,294.47156
2012-06-14,train,293.21185
2012-06-15,train,291.80167
2012-06-18,train,290.6812
2012-06-19,train,290.1554
2012-06-20,train,290.5745
2012-06-21,train,291.37637
2012-06-22,train,291.75766
2012-06-25,train,292.11514
2012-06-26,train,291.90482
2012-06-27,train,291.5313
2012-06-28,train,291.3081
2012-06-29,train,290.9713
2012-07-02,train,291.34433
2012-07-03,train,292.16788
2012-07-05,train,293.55923
2012-07-06,train,295.57358
2012-07-09,train,297.32748
2012-07-10,train,298.74252
2012-07-11,train,299.59555
2012-07-12,train,299.50403
2012-07-13,train,298.77734
2012-07-16,train,298.00153
2012-07-17,train,297.20233
2012-07-18,train,296.55786
2012-07-19,train,296.27072
2012-07-20,train,296.83148
2012-07-23,train,298.74075
2012-07-24,train,301.5732
2012-07-25,train,304.35403
2012-07-26,train,306.84805
2012-07-27,train,309.1706
2012-07-30,train,312.1986
2012-07-31,train,315.2826
2012-08-01,train,318.15323
2012-08-02,train,320.6062
2012-08-03,train,322.37653
2012-08-06,train,324.14935
2012-08-07,train,325.8416
2012-08-08,train,327.22784
2012-08-09,train,328.37677
2012-08-10,train,329.2786
2012-08-13,train,329.9279
2012-08-14,train,331.22308
2012-08-15,train,333.23856
2012-08-16,train,335.48538
2012-08-17,train,337.92804
2012-08-20,train,340.47153
2012-08-21,train,342.76544
2012-08-22,train,344.3959
2012-08-23,train,345.81702
2012-08-24,train,346.95856
2012-08-27,train,347.91153
2012-08-28,train,348.21213
2012-08-29,train,348.45734
2012-08-30,train,349.16687
2012-08-31,train,349.81558
2012-09-04,train,350.53445
2012-09-05,train,351.03787
2012-09-06,train,351.34174
2012-09-07,train,352.38586
2012-09-10,train,354.13693
2012-09-11,train,355.9259
2012-09-12,train,357.15863
2012-09-13,train,357.85107
2012-09-14,train,358.8577
2012-09-17,train,360.15216
2012-09-18,train,361.53375
2012-09-19,train,363.2451
2012-09-20,train,365.45325
2012-09-21,train,367.806
2012-09-24,train,370.31522
2012-09-25,train,373.43027
2012-09-26,train,376.63248
2012-09-27,train,379.8011
2012-09-28,train,382.7979
2012-10-01,train,385.31036
2012-10-02,train,387.63385
2012-10-03,train,389.39426
2012-10-04,train,390.9065
2012-10-05,train,392.3945
2012-10-08,train,393.71945
2012-10-09,train,394.35422
2012-10-10,train,393.83572
2012-10-11,train,392.6587
2012-10-12,train,391.5099
2012-10-15,train,390.17416
2012-10-16,train,388.67484
2012-10-17,train,387.39438
2012-10-18,train,386.89417
2012-10-19,train,384.03574
2012-10-22,train,379.30835
2012-10-23,train,373.66013
2012-10-24,train,368.02884
2012-10-25,train,362.79517
2012-10-26,train,358.33163
2012-10-31,train,354.65085
2012-11-01,train,352.05234
2012-11-02,train,350.72556
2012-11-05,train,350.3396
2012-11-06,train,350.33704
2012-11-07,train,350.49927
2012-11-08,train,350.03226
2012-11-09,train,348.47864
2012-11-12,train,346.8729
2012-11-13,train,345.51807
2012-11-14,train,344.12906
2012-11-15,train,342.53763
2012-11-16,train,340.70737
2012-11-19,train,338.88522
2012-11-20,train,338.2406
2012-11-21,train,338.50076
2012-11-23,train,339.12234
2012-11-26,train,340.0087
2012-11-27,train,340.64386
2012-11-28,train,341.50626
2012-11-29,train,343.05063
2012-11-30,train,345.28595
2012-12-03,train,348.06946
2012-12-04,train,350.7932
2012-12-05,train,353.01663
2012-12-06,train,354.5525
2012-12-07,train,355.66263
2012-12-10,train,356.0698
2012-12-11,train,356.0555
2012-12-12,train,356.33078
2012-12-13,train,356.81076
2012-12-14,train,357.6345
2012-12-17,train,358.57095
2012-12-18,train,360.398
2012-12-19,train,362.64035
2012-12-20,train,364.89462
2012-12-21,train,367.04977
2012-12-24,train,368.61276
2012-12-26,train,369.35593
2012-12-27,train,369.47656
2012-12-28,train,369.06967
2012-12-31,train,368.07184
2013-01-02,train,367.1519
2013-01-03,train,367.1381
2013-01-04,train,367.73712
2013-01-07,train,369.36655
2013-01-08,train,371.34647
2013-01-09,train,373.29147
2013-01-10,train,375.2549
2013-01-11,train,377.20218
2013-01-14,train,378.88434
2013-01-15,train,379.43604
2013-01-16,train,379.29733
2013-01-17,train,378.26483
2013-01-18,train,376.5821
2013-01-22,train,374.3231
2013-01-23,train,371.83722
2013-01-24,train,371.29892
2013-01-25,train,372.67953
2013-01-28,train,375.1447
2013-01-29,train,377.92322
2013-01-30,train,380.76556
2013-01-31,train,383.37274
2013-02-01,train,385.66595
2013-02-04,train,388.50073
2013-02-05,train,390.618
2013-02-06,train,392.4126
2013-02-07,train,394.04706
2013-02-08,train,395.6169
2013-02-11,train,397.55838
2013-02-12,train,399.42032
2013-02-13,train,400.98254
2013-02-14,train,402.3149
2013-02-15,train,403.61844
2013-02-19,train,405.0314
2013-02-20,train,407.06207
2013-02-21,train,408.60556
2013-02-22,train,409.85062
2013-02-25,train,410.98837
2013-02-26,train,411.5238
2013-02-27,train,411.60287
2013-02-28,train,411.8535
2013-03-01,train,412.26413
2013-03-04,train,412.98828
2013-03-05,train,414.58743
2013-03-06,train,417.421
2013-03-07,train,420.42435
2013-03-08,train,423.3128
2013-03-11,train,425.7954
2013-03-12,train,427.94302
2013-03-13,train,429.32764
2013-03-14,train,429.99478
2013-03-15,train,429.9689
2013-03-18,train,429.16705
2013-03-19,train,427.64645
2013-03-20,train,425.9932
2013-03-21,train,424.5825
2013-03-22,train,423.30148
2013-03-25,train,422.1843
2013-03-26,train,421.24405
2013-03-27,train,420.63666
2013-03-28,train,419.82333
2013-04-01,train,418.54556
2013-04-02,train,417.42398
2013-04-03,train,417.07217
2013-04-04,train,416.91266
2013-04-05,train,416.3559
2013-04-08,train,415.01465
2013-04-09,train,412.89923
2013-04-10,train,410.62033
2013-04-11,train,409.05313
2013-04-12,train,408.0992
2013-04-15,train,407.61374
2013-04-16,train,407.07703
2013-04-17,train,407.10223
2013-04-18,train,406.9508
2013-04-19,train,405.89664
2013-04-22,train,405.9954
2013-04-23,train,406.82086
2013-04-24,train,408.41647
2013-04-25,train,410.61633
2013-04-26,train,412.7777
2013-04-29,train,414.33438
2013-04-30,train,416.20584
2013-05-01,train,418.36145
2013-05-02,train,420.30103
2013-05-03,train,422.3696
2013-05-06,train,425.1043
2013-05-07,train,428.77396
2013-05-08,train,432.48575
2013-05-09,train,436.6744
2013-05-10,train,440.65887
2013-05-13,train,444.56708
2013-05-14,train,447.92606
2013-05-15,train,451.0927
2013-05-16,train,455.24042
2013-05-17,train,459.03598
2013-05-20,train,462.53027
2013-05-21,train,465.47366
2013-05-22,train,467.72446
2013-05-23,train,468.48505
2013-05-24,train,467.9323
2013-05-28,train,466.1568
2013-05-29,train,464.1797
2013-05-30,train,461.6473
2013-05-31,train,459.14465
2013-06-03,train,456.92523
2013-06-04,train,454.92783
2013-06-05,train,452.8509
2013-06-06,train,450.94785
2013-06-07,train,449.56525
2013-06-10,train,449.36594
2013-06-11,train,450.43475
2013-06-12,train,451.69547
2013-06-13,train,452.57452
2013-06-14,train,453.35876
2013-06-17,train,453.90073
2013-06-18,train,454.77963
2013-06-19,train,456.4809
2013-06-20,train,458.54465
2013-06-21,train,459.8741
2013-06-24,train,460.433
2013-06-25,train,459.90778
2013-06-26,train,458.57898
2013-06-27,train,457.2324
2013-06-28,train,456.1726
2013-07-01,train,455.5646
2013-07-02,train,455.6692
2013-07-03,train,455.94492
2013-07-05,train,456.50366
2013-07-08,train,457.52237
2013-07-09,train,459.2918
2013-07-10,train,461.37003
2013-07-11,train,463.48236
2013-07-12,train,466.1031
2013-07-15,train,468.92218
2013-07-16,train,471.68372
2013-07-17,train,473.9007
2013-07-18,train,475.51663
2013-07-19,train,476.22153
2013-07-22,train,475.61325
2013-07-23,train,474.93106
2013-07-24,train,473.93335
2013-07-25,train,472.80798
2013-07-26,train,470.98145
2013-07-29,train,468.7837
2013-07-30,train,466.4098
2013-07-31,train,464.5704
2013-08-01,train,463.08755
2013-08-02,train,462.77158
2013-08-05,train,463.32727
2013-08-06,train,464.30322
2013-08-07,train,465.03543
2013-08-08,train,465.24924
2013-08-09,train,465.2035
2013-08-12,train,464.88232
2013-08-13,train,464.18207
2013-08-14,train,463.10587
2013-08-15,train,461.3431
2013-08-16,train,458.8281
2013-08-19,train,455.94412
2013-08-20,train,453.52094
2013-08-21,train,451.60614
2013-08-22,train,450.38702
2013-08-23,train,449.93134
2013-08-26,train,449.82565
2013-08-27,train,449.75946
2013-08-28,train,448.92862
2013-08-29,train,447.60904
2013-08-30,train,446.42575
2013-09-03,train,445.02414
2013-09-04,train,444.27274
2013-09-05,train,444.542
2013-09-06,train,445.81625
2013-09-09,train,447.60477
2013-09-10,train,449.95435
2013-09-11,train,452.45422
2013-09-12,train,455.17096
2013-09-13,train,457.60757
2013-09-16,train,459.4434
2013-09-17,train,460.66306
2013-09-18,train,461.30118
2013-09-19,train,462.35275
2013-09-20,train,463.32993
2013-09-23,train,464.41315
2013-09-24,train,464.6592
2013-09-25,train,464.3819
2013-09-26,train,463.3336
2013-09-27,train,461.95212
2013-09-30,train,460.40796
2013-10-01,train,458.89163
2013-10-02,train,458.0778
2013-10-03,train,457.83255
2013-10-04,train,457.39767
2013-10-07,train,456.70395
2013-10-08,train,455.584
2013-10-09,train,453.7136
2013-10-10,train,451.65057
2013-10-11,train,450.25366
2013-10-14,train,449.59036
2013-10-15,train,449.6575
2013-10-16,train,450.4631
2013-10-17,train,452.42865
2013-10-18,train,454.48236
2013-10-21,train,462.3593
2013-10-22,train,472.72708
2013-10-23,train,483.87982
2013-10-24,train,495.62186
2013-10-25,train,506.27853
2013-10-28,train,514.7206
2013-10-29,train,520.96265
2013-10-30,train,526.28107
2013-10-31,train,530.2431
2013-11-01,train,533.03503
2013-11-04,train,534.69116
2013-11-05,train,535.4704
2013-11-06,train,535.4339
2013-11-07,train,534.9813
2013-11-08,train,533.61316
2013-11-11,train,532.2263
2013-11-12,train,530.69946
2013-11-13,train,529.3078
2013-11-14,train,529.1458
2013-11-15,train,529.8956
2013-11-18,train,531.0721
2013-11-19,train,532.3049
2013-11-20,train,533.1404
2013-11-21,train,533.50464
2013-11-22,train,534.10815
2013-11-25,train,534.68835
2013-11-26,train,535.8919
2013-11-27,train,537.9714
2013-11-29,train,540.62756
2013-12-02,train,543.2201
2013-12-03,train,545.278
2013-12-04,train,546.7462
2013-12-05,train,547.94495
2013-12-06,train,548.81976
2013-12-09,train,550.02997
2013-12-10,train,551.73535
2013-12-11,train,553.91113
2013-12-12,train,555.8164
2013-12-13,train,557.0251
2013-12-16,train,557.242
2013-12-17,train,557.4218
2013-12-18,train,557.40094
2013-12-19,train,557.9999
2013-12-20,train,558.9947
2013-12-23,train,560.8555
2013-12-24,train,563.7773
2013-12-26,train,566.91406
2013-12-27,train,570.16583
2013-12-30,train,573.21326
2013-12-31,train,575.4032
2014-01-02,train,577.41034
2014-01-03,train,578.7307
2014-01-06,train,579.12195
2014-01-07,train,579.51514
2014-01-08,train,580.919
2014-01-09,train,582.9286
2014-01-10,train,584.60223
2014-01-13,train,585.9214
2014-01-14,train,586.53845
2014-01-15,train,587.9607
2014-01-16,train,589.68304
2014-01-17,train,591.8176
2014-01-21,train,593.7221
2014-01-22,train,595.9575
2014-01-23,train,598.233
2014-01-24,train,600.08136
2014-01-27,train,599.7252
2014-01-28,train,596.97906
2014-01-29,train,594.0886
2014-01-30,train,590.5763
2014-01-31,train,588.44293
2014-02-03,train,589.5751
2014-02-04,train,590.28
2014-02-05,train,590.9541
2014-02-06,train,591.75323
2014-02-07,train,593.3548
2014-02-10,train,596.13367
2014-02-11,train,599.1401
2014-02-12,train,602.8526
2014-02-13,train,606.4479
2014-02-14,train,610.2789
2014-02-18,train,614.01025
2014-02-19,train,617.7199
2014-02-20,train,620.6353
2014-02-21,train,622.8864
2014-02-24,train,624.4967
2014-02-25,train,625.995
2014-02-26,train,627.6489
2014-02-27,train,629.25665
2014-02-28,train,630.65045
2014-03-03,train,631.6151
2014-03-04,train,631.6005
2014-03-05,train,631.60333
2014-03-06,train,631.76654
2014-03-07,train,632.09
2014-03-10,train,632.25464
2014-03-11,train,632.16095
2014-03-12,train,631.35614
2014-03-13,train,630.5629
2014-03-14,train,628.9495
2014-03-17,train,626.2215
2014-03-18,train,624.0234
2014-03-19,train,623.27
2014-03-20,train,622.886
2014-03-21,train,622.6921
2014-03-24,train,621.93695
2014-03-25,train,619.6892
2014-03-26,train,616.78937
2014-03-27,train,612.44135
2014-03-28,train,606.78284
2014-03-31,train,601.14575
2014-04-01,train,595.77
2014-04-02,train,592.07117
2014-04-03,train,589.75305
2014-04-04,train,588.8471
2014-04-07,train,586.3276
2014-04-08,train,582.6342
2014-04-09,train,580.16705
2014-04-10,train,579.5718
2014-04-11,train,578.2053
2014-04-14,train,575.6617
2014-04-15,train,573.33673
2014-04-16,train,571.6727
2014-04-17,train,572.05316
2014-04-21,train,571.6373
2014-04-22,train,570.42316
2014-04-23,train,569.4018
2014-04-24,train,567.793
2014-04-25,train,565.6882
2014-04-28,train,562.36865
2014-04-29,train,558.6112
2014-04-30,train,556.2228
2014-05-01,train,554.7529
2014-05-02,train,554.36615
2014-05-05,train,554.2265
2014-05-06,train,554.3955
2014-05-07,train,553.4789
2014-05-08,train,551.53845
2014-05-09,train,549.342
2014-05-12,train,547.80896
2014-05-13,train,547.9781
2014-05-14,train,549.4863
2014-05-15,train,550.99426
2014-05-16,train,551.8478
2014-05-19,train,552.12195
2014-05-20,train,553.02094
2014-05-21,train,554.3546
2014-05-22,train,556.7478
2014-05-23,train,560.12146
2014-05-27,train,564.5958
2014-05-28,train,570.39636
2014-05-29,train,576.0127
2014-05-30,train,580.9968
2014-06-02,train,585.20746
2014-06-03,train,587.817
2014-06-04,train,588.24805
2014-06-05,train,587.242
2014-06-06,train,586.5398
2014-06-09,train,586.19946
2014-06-10,train,586.6068
2014-06-11,train,587.21185
2014-06-12,train,587.822
2014-06-13,train,587.5995
2014-06-16,train,586.98035
2014-06-17,train,585.38165
2014-06-18,train,583.18384
2014-06-19,train,581.80194
2014-06-20,train,581.46564
2014-06-23,train,581.9675
2014-06-24,train,583.7041
2014-06-25,train,585.8523
2014-06-26,train,589.3617
2014-06-27,train,593.22736
2014-06-30,train,597.03754
2014-07-01,train,600.337
2014-07-02,train,603.6677
2014-07-03,train,606.61145
2014-07-07,train,609.27026
2014-07-08,train,611.2718
2014-07-09,train,611.48346
2014-07-10,train,611.0897
2014-07-11,train,610.0232
2014-07-14,train,609.3139
2014-07-15,train,609.6344
2014-07-16,train,610.44617
2014-07-17,train,611.2648
2014-07-18,train,611.05853
2014-07-21,train,612.63007
2014-07-22,train,614.4315
2014-07-23,train,616.74414
2014-07-24,train,619.2916
2014-07-25,train,621.52344
2014-07-28,train,622.8683
2014-07-29,train,623.63794
2014-07-30,train,623.47815
2014-07-31,train,622.92505
2014-08-01,train,620.6319
2014-08-04,train,616.95435
2014-08-05,train,613.624
2014-08-06,train,609.9196
2014-08-07,train,606.50916
2014-08-08,train,603.3404
2014-08-11,train,601.22894
2014-08-12,train,599.8891
2014-08-13,train,598.65686
2014-08-14,train,598.82355
2014-08-15,train,599.80646
2014-08-18,train,601.1084
2014-08-19,train,603.3522
2014-08-20,train,606.3615
2014-08-21,train,609.3765
2014-08-22,train,611.8117
2014-08-25,train,613.66394
2014-08-26,train,614.77783
2014-08-27,train,615.0951
2014-08-28,train,614.39954
2014-08-29,train,612.90094
2014-09-02,train,611.25934
2014-09-03,train,610.30084
2014-09-04,train,609.94196
2014-09-05,train,610.3541
2014-09-08,train,611.65326
2014-09-09,train,613.7436
2014-09-10,train,615.16815
2014-09-11,train,616.20605
2014-09-12,train,616.6606
2014-09-15,train,616.10815
2014-09-16,train,614.68304
2014-09-17,train,613.5575
2014-09-18,train,613.15216
2014-09-19,train,613.6247
2014-09-22,train,615.39166
2014-09-23,train,616.9796
2014-09-24,train,617.73193
2014-09-25,train,618.6037
2014-09-26,train,618.1498
2014-09-29,train,617.21735
2014-09-30,train,616.05347
2014-10-01,train,614.924
2014-10-02,train,613.0731
2014-10-03,train,611.1015
2014-10-06,train,609.75903
2014-10-07,train,609.0744
2014-10-08,train,607.5314
2014-10-09,train,606.57587
2014-10-10,train,604.7746
2014-10-13,train,601.1341
2014-10-14,train,595.70654
2014-10-15,train,590.0727
2014-10-16,train,584.0544
2014-10-17,train,578.02246
2014-10-20,train,571.20355
2014-10-21,train,565.4713
2014-10-22,train,561.4701
2014-10-23,train,559.37085
2014-10-24,train,559.7099
2014-10-27,train,561.03973
2014-10-28,train,562.94604
2014-10-29,train,565.87787
2014-10-30,train,569.0767
2014-10-31,train,572.3006
2014-11-03,train,575.9547
2014-11-04,train,579.1018
2014-11-05,train,581.6827
2014-11-06,train,582.85504
2014-11-07,train,582.6452
2014-11-10,train,581.61865
2014-11-11,train,580.8142
2014-11-12,train,580.52484
2014-11-13,train,580.3009
2014-11-14,train,579.9814
2014-11-17,train,579.51587
2014-11-18,train,578.17255
2014-11-19,train,576.2205
2014-11-20,train,574.33453
2014-11-21,train,572.32983
2014-11-24,train,570.66187
2014-11-25,train,569.5124
2014-11-26,train,568.9643
2014-11-28,train,568.6923
2014-12-01,train,568.74884
2014-12-02,train,568.07477
2014-12-03,train,566.9182
2014-12-04,train,565.40125
2014-12-05,train,564.34875
2014-12-08,train,562.26373
2014-12-09,train,560.02264
2014-12-10,train,558.40234
2014-12-11,train,556.5301
2014-12-12,train,555.0927
2014-12-15,train,553.016
2014-12-16,train,550.20306
2014-12-17,train,545.4777
2014-12-18,train,540.8272
2014-12-19,train,537.4249
2014-12-22,train,535.6483
2014-12-23,train,536.25073
2014-12-24,train,538.89557
2014-12-26,train,542.3704
2014-12-29,train,546.4649
2014-12-30,train,550.11005
2014-12-31,train,552.9184
2015-01-02,train,554.4741
2015-01-05,train,554.9949
2015-01-06,train,553.8419
2015-01-07,train,550.5369
2015-01-08,train,546.0853
2015-01-09,train,541.5154
2015-01-12,train,536.71594
2015-01-13,train,531.89746
2015-01-14,train,527.9894
2015-01-15,train,525.413
2015-01-16,train,523.7238
2015-01-20,train,523.3737
2015-01-21,train,523.8208
2015-01-22,train,525.7294
2015-01-23,train,529.98816
2015-01-26,train,535.73364
2015-01-27,train,541.3358
2015-01-28,train,544.7878
2015-01-29,train,545.72046
2015-01-30,train,545.0668
2015-02-02,train,545.8497
2015-02-03,train,546.9153
2015-02-04,train,548.21313
2015-02-05,train,548.83905
2015-02-06,train,549.3664
2015-02-09,train,550.1674
2015-02-10,train,550.6151
2015-02-11,train,551.87555
2015-02-12,train,553.29486
2015-02-13,train,555.4742
2015-02-17,train,558.40894
2015-02-18,train,560.93085
2015-02-19,train,562.73834
2015-02-20,train,564.29675
2015-02-23,train,565.0901
2015-02-24,train,564.6867
2015-02-25,train,563.9492
2015-02-26,train,563.9161
2015-02-27,train,565.4901
2015-03-02,train,568.2386
2015-03-03,train,572.67584
2015-03-04,train,578.08484
2015-03-05,train,583.5281
2015-03-06,train,588.76733
2015-03-09,train,592.5268
2015-03-10,train,595.1446
2015-03-11,train,595.40765
2015-03-12,train,593.82684
2015-03-13,train,591.8015
2015-03-16,train,588.9041
2015-03-17,train,586.6283
2015-03-18,train,584.558
2015-03-19,train,583.6754
2015-03-20,train,583.3596
2015-03-23,train,583.5642
2015-03-24,train,584.10443
2015-03-25,train,585.98224
2015-03-26,train,587.44965
2015-03-27,train,588.2193
2015-03-30,train,587.8793
2015-03-31,train,587.23724
2015-04-01,train,585.8293
2015-04-02,train,583.5943
2015-04-06,train,580.2744
2015-04-07,train,576.86957
2015-04-08,train,573.8169
2015-04-09,train,571.6669
2015-04-10,train,570.2005
2015-04-13,train,569.3535
2015-04-14,train,568.97394
2015-04-15,train,568.0482
2015-04-16,train,566.99817
2015-04-17,train,566.19147
2015-04-20,train,564.5531
2015-04-21,train,563.7172
2015-04-22,train,563.2705
2015-04-23,train,563.72906
2015-04-24,train,565.50037
2015-04-27,train,569.4879
2015-04-28,train,573.7059
2015-04-29,train,577.5075
2015-04-30,train,580.37854
2015-05-01,train,581.1584
2015-05-04,train,580.8198
2015-05-05,train,579.97235
2015-05-06,train,577.9471
2015-05-07,train,574.6464
2015-05-08,train,571.5636
2015-05-11,train,569.57294
2015-05-12,train,568.1478
2015-05-13,train,566.54346
2015-05-14,train,565.06274
2015-05-15,train,564.73096
2015-05-18,train,564.85925
2015-05-19,train,565.28674
2015-05-20,train,566.10394
2015-05-21,train,567.3871
2015-05-22,train,569.24603
2015-05-26,train,571.05084
2015-05-27,train,571.93695
2015-05-28,train,572.86285
2015-05-29,train,573.6964
2015-06-01,train,573.5375
2015-06-02,train,573.177
2015-06-03,train,573.17645
2015-06-04,train,573.53046
2015-06-05,train,573.728
2015-06-08,train,573.6104
2015-06-09,train,572.7202
2015-06-10,train,571.3154
2015-06-11,train,570.73926
2015-06-12,train,570.4672
2015-06-15,train,570.17816
2015-06-16,train,569.4745
2015-06-17,train,568.7653
2015-06-18,train,568.2786
2015-06-19,train,568.90784
2015-06-22,train,570.28656
2015-06-23,train,572.2153
2015-06-24,train,574.65656
2015-06-25,train,576.70013
2015-06-26,train,578.24646
2015-06-29,train,578.8514
2015-06-30,train,577.6716
2015-07-01,train,575.4004
2015-07-02,train,572.98285
2015-07-06,train,571.1008
2015-07-07,train,569.5721
2015-07-08,train,568.85443
2015-07-09,train,567.892
2015-07-10,train,567.1729
2015-07-13,train,567.7721
2015-07-14,train,570.6365
2015-07-15,train,575.8326
2015-07-16,train,581.9405
2015-07-17,train,589.7713
2015-07-20,train,607.5138
2015-07-21,train,628.78644
2015-07-22,train,650.4485
2015-07-23,train,670.1228
2015-07-24,train,684.578
2015-07-27,train,692.5165
2015-07-28,train,696.12494
2015-07-29,train,696.8921
2015-07-30,train,696.08984
2015-07-31,train,694.78436
2015-08-03,train,692.66925
2015-08-04,train,691.0558
2015-08-05,train,689.5814
2015-08-06,train,689.5621
2015-08-07,train,690.1081
2015-08-10,train,690.4198
2015-08-11,train,690.4577
2015-08-12,train,692.9849
2015-08-13,train,696.8154
2015-08-14,train,700.61096
2015-08-17,train,704.31464
2015-08-18,train,708.04504
2015-08-19,train,710.8818
2015-08-20,train,713.4441
2015-08-21,train,714.1414
2015-08-24,train,710.2342
2015-08-25,train,701.49677
2015-08-26,train,690.15796
2015-08-27,train,682.89966
2015-08-28,train,679.515
2015-08-31,train,678.0904
2015-09-01,train,676.8965
2015-09-02,train,674.18695
2015-09-03,train,672.32135
2015-09-04,train,670.28986
2015-09-08,train,667.58374
2015-09-09,train,666.1858
2015-09-10,train,665.61566
2015-09-11,train,666.36865
2015-09-14,train,668.24396
2015-09-15,train,670.33264
2015-09-16,train,673.5847
2015-09-17,train,677.2233
2015-09-18,train,681.3489
2015-09-21,train,684.28906
2015-09-22,train,686.84686
2015-09-23,train,687.5378
2015-09-24,train,687.0821
2015-09-25,train,686.11975
2015-09-28,train,683.5028
2015-09-29,train,678.6376
2015-09-30,train,672.7489
2015-10-01,train,668.32904
2015-10-02,train,665.5533
2015-10-05,train,665.54193
2015-10-06,train,668.63837
2015-10-07,train,673.3059
2015-10-08,train,678.32025
2015-10-09,train,682.74426
2015-10-12,train,686.77563
2015-10-13,train,690.6503
2015-10-14,train,694.6951
2015-10-15,train,698.16486
2015-10-16,train,702.2079
2015-10-19,train,706.39557
2015-10-20,test,710.73376
2015-10-21,test,712.77814
2015-10-22,test,712.50916
2015-10-23,test,711.78723
2015-10-26,test,714.5736
2015-10-27,test,720.28796
2015-10-28,test,727.4198
2015-10-29,test,735.13684
2015-10-30,test,743.2135
2015-11-02,test,749.94183
2015-11-03,test,756.2461
2015-11-04,test,761.7315
2015-11-05,test,766.8394
2015-11-06,test,771.7366
2015-11-09,test,776.1226
2015-11-10,test,779.1226
2015-11-11,test,781.3884
2015-11-12,test,783.67255
2015-11-13,test,784.882
2015-11-16,test,783.78296
2015-11-17,test,782.4975
2015-11-18,test,780.7386
2015-11-19,test,780.29297
2015-11-20,test,780.6316
2015-11-23,test,783.12134
2015-11-24,test,786.572
2015-11-25,test,789.59375
2015-11-27,test,792.0529
2015-11-30,test,794.1826
2015-12-01,test,794.99133
2015-12-02,test,797.02795
2015-12-03,test,798.9175
2015-12-04,test,799.6498
2015-12-07,test,800.74194
2015-12-08,test,801.2737
2015-12-09,test,801.6767
2015-12-10,test,800.7191
2015-12-11,test,798.85913
2015-12-14,test,795.6971
2015-12-15,test,793.292
2015-12-16,test,791.2777
2015-12-17,test,791.35046
2015-12-18,test,791.9429
2015-12-21,test,791.57184
2015-12-22,test,791.0899
2015-12-23,test,791.1624
2015-12-24,test,791.6653
2015-12-28,test,792.1163
2015-12-29,test,794.1142
2015-12-30,test,797.91864
2015-12-31,test,802.0406
2016-01-04,test,804.7684
2016-01-05,test,804.6143
2016-01-06,test,803.0118
2016-01-07,test,800.4394
2016-01-08,test,795.76056
2016-01-11,test,789.3799
2016-01-12,test,782.8362
2016-01-13,test,778.0131
2016-01-14,test,772.14276
2016-01-15,test,767.5001
2016-01-19,test,761.9247
2016-01-20,test,757.25525
2016-01-21,test,753.4635
2016-01-22,test,751.364
2016-01-25,test,752.29297
2016-01-26,test,753.7267
2016-01-27,test,755.39435
2016-01-28,test,755.4106
2016-01-29,test,757.4769
2016-02-01,test,761.70044
2016-02-02,test,767.71625
2016-02-03,test,775.1948
2016-02-04,test,779.6697
2016-02-05,test,780.13354
2016-02-08,test,775.60077
2016-02-09,test,768.6177
2016-02-10,test,760.49225
2016-02-11,test,753.0621
2016-02-12,test,746.7266
2016-02-16,test,741.7565
2016-02-17,test,739.16156
2016-02-18,test,739.62866
2016-02-19,test,740.4428
2016-02-22,test,741.8949
2016-02-23,test,744.21216
2016-02-24,test,745.62354
2016-02-25,test,746.73615
2016-02-26,test,748.32117
2016-02-29,test,749.58044
2016-03-01,test,749.7943
2016-03-02,test,751.826
2016-03-03,test,754.3874
2016-03-04,test,756.2885
2016-03-07,test,757.5023
2016-03-08,test,756.467
2016-03-09,test,754.3113
2016-03-10,test,752.8268
2016-03-11,test,752.51636
2016-03-14,test,754.1965
2016-03-15,test,757.41693
2016-03-16,test,761.28503
2016-03-17,test,765.8349
2016-03-18,test,770.42224
2016-03-21,test,774.2734
2016-03-22,test,777.9745
2016-03-23,test,780.9789
2016-03-24,test,783.04456
2016-03-28,test,784.0921
2016-03-29,test,784.2894
2016-03-30,test,785.20807
2016-03-31,test,786.6694
2016-04-01,test,787.80225
2016-04-04,test,789.33307
2016-04-05,test,790.4771
2016-04-06,test,790.66815
2016-04-07,test,791.22766
2016-04-08,test,791.1269
2016-04-11,test,790.6299
2016-04-12,test,789.75397
2016-04-13,test,789.413
2016-04-14,test,790.1461
2016-04-15,test,791.7779
2016-04-18,test,794.24365
2016-04-19,test,797.709
2016-04-20,test,800.27856
2016-04-21,test,801.9851
2016-04-22,test,803.48975
2016-04-25,test,800.5575
2016-04-26,test,795.88934
2016-04-27,test,788.9107
2016-04-28,test,780.92236
2016-04-29,test,771.5086
2016-05-02,test,762.4942
2016-05-03,test,755.20416
2016-05-04,test,749.06604
2016-05-05,test,744.54114
2016-05-06,test,741.7333
2016-05-09,test,741.23773
2016-05-10,test,742.5226
2016-05-11,test,745.7393
2016-05-12,test,748.8802
2016-05-13,test,751.43896
2016-05-16,test,753.04663
2016-05-17,test,754.44336
2016-05-18,test,754.5442
2016-05-19,test,754.0495
2016-05-20,test,752.59015
2016-05-23,test,751.346
2016-05-24,test,749.8888
2016-05-25,test,750.02344
2016-05-26,test,751.5467
2016-05-27,test,753.65125
2016-05-31,test,756.96185
2016-06-01,test,760.75037
2016-06-02,test,764.4174
2016-06-03,test,767.2357
2016-06-06,test,768.4504
2016-06-07,test,768.0369
2016-06-08,test,766.7974
2016-06-09,test,766.3353
2016-06-10,test,766.3139
2016-06-13,test,765.67993
2016-06-14,test,764.66034
2016-06-15,test,763.6394
2016-06-16,test,762.6077
2016-06-17,test,760.9019
2016-06-20,test,757.03186
2016-06-21,test,752.48334
2016-06-22,test,748.1973
2016-06-23,test,744.63367
2016-06-24,test,742.2884
2016-06-27,test,737.997
2016-06-28,test,732.65894
2016-06-29,test,728.15393
2016-06-30,test,724.9188
2016-07-01,test,723.57996
2016-07-05,test,724.1557
2016-07-06,test,725.2905
2016-07-07,test,727.0657
2016-07-08,test,728.8459
2016-07-11,test,731.47736
2016-07-12,test,735.2371
2016-07-13,test,739.8017
2016-07-14,test,744.09296
2016-07-15,test,748.4304
2016-07-18,test,752.31885
2016-07-19,test,757.2878
2016-07-20,test,762.3746
2016-07-21,test,767.42035
2016-07-22,test,771.67566
2016-07-25,test,775.5368
2016-07-26,test,778.5915
2016-07-27,test,780.8982
2016-07-28,test,782.9639
2016-07-29,test,785.059
2016-08-01,test,789.47955
2016-08-02,test,795.7209
2016-08-03,test,802.3654
2016-08-04,test,808.50323
2016-08-05,test,813.57117
2016-08-08,test,818.45544
2016-08-09,test,822.53485
2016-08-10,test,825.98376
2016-08-11,test,828.8176
2016-08-12,test,830.991
2016-08-15,test,832.4645
2016-08-16,test,833.29193
2016-08-17,test,833.2067
2016-08-18,test,833.0397
2016-08-19,test,832.5673
2016-08-22,test,831.691
2016-08-23,test,830.4218
2016-08-24,test,829.0272
2016-08-25,test,827.40857
2016-08-26,test,825.6116
2016-08-29,test,824.08545
2016-08-30,test,823.1172
2016-08-31,test,822.18933
2016-09-01,test,821.19806
2016-09-02,test,820.421
2016-09-06,test,820.36993
2016-09-07,test,821.8253
2016-09-08,test,823.98834
2016-09-09,test,825.8686
2016-09-12,test,826.0044
2016-09-13,test,826.15063
2016-09-14,test,825.2181
2016-09-15,test,823.9635
2016-09-16,test,823.67633
2016-09-19,test,823.63135
2016-09-20,test,823.5213
2016-09-21,test,823.8262
2016-09-22,test,824.8385
2016-09-23,test,827.22577
2016-09-26,test,830.0565
2016-09-27,test,831.68256
2016-09-28,test,833.2772
2016-09-29,test,834.5648
2016-09-30,test,834.8253
2016-10-03,test,834.6256
2016-10-04,test,833.7957
2016-10-05,test,832.9324
2016-10-06,test,831.9717
2016-10-07,test,831.2475
2016-10-10,test,830.49994
2016-10-11,test,831.1508
2016-10-12,test,832.05646
2016-10-13,test,833.28455
2016-10-14,test,833.81244
2016-10-17,test,833.95734
2016-10-18,test,834.0602
2016-10-19,test,835.5515
2016-10-20,test,838.1827
2016-10-21,test,840.72076
2016-10-24,test,843.2276
2016-10-25,test,846.5918
2016-10-26,test,849.3657
2016-10-27,test,850.93384
2016-10-28,test,851.1874
2016-10-31,test,850.86456
2016-11-01,test,849.2692
2016-11-02,test,846.7029
2016-11-03,test,842.1615
2016-11-04,test,836.36835
2016-11-07,test,830.3008
2016-11-08,test,826.7105
2016-11-09,test,825.8398
2016-11-10,test,826.0531
2016-11-11,test,824.4646
2016-11-14,test,821.22095
2016-11-15,test,815.4746
2016-11-16,test,810.9851
2016-11-17,test,808.0191
2016-11-18,test,806.87384
2016-11-21,test,805.9205
2016-11-22,test,806.09247
2016-11-23,test,806.87354
2016-11-25,test,807.3478
2016-11-28,test,807.7244
2016-11-29,test,808.52106
2016-11-30,test,809.81244
2016-12-01,test,809.92645
2016-12-02,test,808.25555
2016-12-05,test,805.71954
2016-12-06,test,804.23615
2016-12-07,test,803.2684
2016-12-08,test,804.24194
2016-12-09,test,806.58417
2016-12-12,test,810.92535
2016-12-13,test,815.8184
2016-12-14,test,821.3065
2016-12-15,test,826.8076
2016-12-16,test,831.5354
2016-12-19,test,834.76917
2016-12-20,test,837.0757
2016-12-21,test,838.84674
2016-12-22,test,839.82806
2016-12-23,test,840.02893
2016-12-27,test,839.5849
2016-12-28,test,839.0299
2016-12-29,test,837.9392
2016-12-30,test,836.51514
2017-01-03,test,834.0237
2017-01-04,test,832.72144
2017-01-05,test,832.1494
2017-01-06,test,832.6173
2017-01-09,test,834.83923
2017-01-10,test,838.03094
2017-01-11,test,841.3753
2017-01-12,test,844.8593
2017-01-13,test,848.01733
2017-01-17,test,850.8048
2017-01-18,test,852.7419
2017-01-19,test,854.1539
2017-01-20,test,854.6472
2017-01-23,test,854.9509
2017-01-24,test,856.6888
2017-01-25,test,859.5403
2017-01-26,test,863.6583
2017-01-27,test,867.9454
2017-01-30,test,870.75604
2017-01-31,test,870.3952
2017-02-01,test,867.9277
2017-02-02,test,863.95306
2017-02-03,test,859.7951
2017-02-06,test,856.11316
2017-02-07,test,853.2383
2017-02-08,test,851.88745
2017-02-09,test,851.61694
2017-02-10,test,852.04755
2017-02-13,test,853.3203
2017-02-14,test,855.33795
2017-02-15,test,857.67816
2017-02-16,test,859.7022
2017-02-17,test,861.8191
2017-02-21,test,864.17194
2017-02-22,test,866.67664
2017-02-23,test,869.2188
2017-02-24,test,871.4885
2017-02-27,test,873.0643
2017-02-28,test,874.27325
2017-03-01,test,874.66736
2017-03-02,test,875.7319
2017-03-03,test,876.34674
2017-03-06,test,876.6242
2017-03-07,test,876.49976
2017-03-08,test,876.54333
2017-03-09,test,876.9078
2017-03-10,test,877.83716
2017-03-13,test,879.34705
2017-03-14,test,881.3537
2017-03-15,test,883.57605
2017-03-16,test,885.9462
2017-03-17,test,888.3129
2017-03-20,test,890.668
2017-03-21,test,892.33307
2017-03-22,test,891.7144
2017-03-23,test,889.87115
2017-03-24,test,886.468
2017-03-27,test,882.098
2017-03-28,test,877.9347
2017-03-29,test,874.4977
2017-03-30,test,872.7432
2017-03-31,test,872.08905
2017-04-03,test,872.0112
2017-04-04,test,873.1674
2017-04-05,test,874.47015
2017-04-06,test,875.3961
2017-04-07,test,875.635
2017-04-10,test,875.15106
2017-04-11,test,874.24756
2017-04-12,test,872.99896
2017-04-13,test,871.8319
2017-04-17,test,870.69434
2017-04-18,test,871.1635
2017-04-19,test,872.3485
2017-04-20,test,874.11926
2017-04-21,test,876.39624
2017-04-24,test,878.6138
2017-04-25,test,882.54156
2017-04-26,test,887.94525
2017-04-27,test,893.6825
2017-04-28,test,899.2806
2017-05-01,test,907.4696
2017-05-02,test,916.9806
2017-05-03,test,926.7283
2017-05-04,test,936.734
2017-05-05,test,946.4241
2017-05-08,test,954.485
2017-05-09,test,961.6464
2017-05-10,test,967.3083
2017-05-11,test,971.3822
2017-05-12,test,974.2546
2017-05-15,test,976.0784
2017-05-16,test,977.5422
2017-05-17,test,979.1771
2017-05-18,test,978.55676
2017-05-19,test,977.6929
2017-05-22,test,977.10297
2017-05-23,test,977.65656
2017-05-24,test,979.42145
2017-05-25,test,982.39844
2017-05-26,test,987.1515
2017-05-30,test,992.51355
2017-05-31,test,997.98505
2017-06-01,test,1002.0546
2017-06-02,test,1005.0798
2017-06-05,test,1007.9261
2017-06-06,test,1011.0808
2017-06-07,test,1013.35724
2017-06-08,test,1015.4456
2017-06-09,test,1017.4476
2017-06-12,test,1015.868
2017-06-13,test,1011.8404
2017-06-14,test,1007.6458
2017-06-15,test,1003.4492
2017-06-16,test,998.9735
2017-06-19,test,994.7085
2017-06-20,test,992.62317
2017-06-21,test,991.30023
2017-06-22,test,991.57416
2017-06-23,test,992.4818
2017-06-26,test,994.6142
2017-06-27,test,995.79443
2017-06-28,test,994.0658
2017-06-29,test,992.2096
2017-06-30,test,988.0522
2017-07-03,test,982.35785
2017-07-05,test,975.3567
2017-07-06,test,969.5873
2017-07-07,test,964.5677
2017-07-10,test,961.8305
2017-07-11,test,961.6137
2017-07-12,test,963.09814
2017-07-13,test,966.8057
2017-07-14,test,971.4472
2017-07-17,test,976.9452
2017-07-18,test,982.2129
2017-07-19,test,987.8824
2017-07-20,test,993.6788
2017-07-21,test,998.8652
2017-07-24,test,1003.3389
2017-07-25,test,1007.3645
2017-07-26,test,1007.83545
2017-07-27,test,1006.06696
2017-07-28,test,1001.9118
2017-07-31,test,997.4458
2017-08-01,test,991.9509
2017-08-02,test,986.63666
2017-08-03,test,982.05817
2017-08-04,test,977.66626
2017-08-07,test,974.4258
2017-08-08,test,972.1358
2017-08-09,test,970.48944
2017-08-10,test,968.991
2017-08-11,test,966.1364
2017-08-14,test,963.4983
2017-08-15,test,962.0228
2017-08-16,test,961.23224
2017-08-17,test,961.54333
2017-08-18,test,960.79724
2017-08-21,test,959.47424
2017-08-22,test,957.3949
2017-08-23,test,957.0036
2017-08-24,test,957.7072
2017-08-25,test,958.4432
2017-08-28,test,958.5419
2017-08-29,test,958.05115
2017-08-30,test,958.0015
2017-08-31,test,958.9217
2017-09-01,test,961.4108
2017-09-05,test,964.1872
2017-09-06,test,965.8655
2017-09-07,test,966.84717
2017-09-08,test,968.0604
2017-09-11,test,968.3987
2017-09-12,test,968.44824
2017-09-13,test,968.6289
2017-09-14,test,969.22205
2017-09-15,test,968.97644
2017-09-18,test,967.877
2017-09-19,test,965.86633
2017-09-20,test,964.247
2017-09-21,test,964.0063
2017-09-22,test,964.5457
2017-09-25,test,965.09607
2017-09-26,test,964.75397
2017-09-27,test,964.2815
2017-09-28,test,965.93115
2017-09-29,test,968.98627
2017-10-02,test,973.43506
2017-10-03,test,977.5856
2017-10-04,test,981.64606
2017-10-05,test,984.67175
2017-10-06,test,988.6237
2017-10-09,test,993.3963
2017-10-10,test,998.00525
2017-10-11,test,1001.64276
2017-10-12,test,1006.1258
2017-10-13,test,1010.50665
2017-10-16,test,1014.63696
2017-10-17,test,1018.3411
2017-10-18,test,1021.5834
2017-10-19,test,1024.3969
2017-10-20,test,1025.6145
2017-10-23,test,1026.1987
2017-10-24,test,1024.4238
2017-10-25,test,1021.9183
2017-10-26,test,1019.4853
2017-10-27,test,1017.33417
2017-10-30,test,1019.7068
2017-10-31,test,1024.1144
2017-11-01,test,1029.3413
2017-11-02,test,1035.4492
2017-11-03,test,1041.3896
2017-11-06,test,1047.3071
2017-11-07,test,1051.8242
2017-11-08,test,1056.0802
2017-11-09,test,1060.2283
2017-11-10,test,1062.833
2017-11-13,test,1064.0463
2017-11-14,test,1064.0693
2017-11-15,test,1063.4755
2017-11-16,test,1062.0853
2017-11-17,test,1061.6107
2017-11-20,test,1060.4019
2017-11-21,test,1058.9197
2017-11-22,test,1058.9501
2017-11-24,test,1059.8853
2017-11-27,test,1061.7208
2017-11-28,test,1065.3673
2017-11-29,test,1068.7161
2017-11-30,test,1069.1354
2017-12-01,test,1067.9056
2017-12-04,test,1064.723
2017-12-05,test,1059.5414
2017-12-06,test,1054.5688
2017-12-07,test,1051.4103
2017-12-08,test,1050.6963
2017-12-11,test,1051.8873
2017-12-12,test,1054.3073
2017-12-13,test,1056.8666
2017-12-14,test,1059.5188
2017-12-15,test,1062.4989
2017-12-18,test,1066.7125
2017-12-19,test,1072.3546
2017-12-20,test,1077.6313
2017-12-21,test,1081.6158
2017-12-22,test,1084.2233
2017-12-26,test,1085.5828
2017-12-27,test,1085.8038
2017-12-28,test,1084.829
2017-12-29,test,1082.9098
2018-01-02,test,1080.4363
2018-01-03,test,1079.8433
2018-01-04,test,1082.0112
2018-01-05,test,1085.8574
2018-01-08,test,1091.6976
2018-01-09,test,1098.3438
2018-01-10,test,1104.6095
2018-01-11,test,1109.76
2018-01-12,test,1113.9321
2018-01-16,test,1118.8802
2018-01-17,test,1123.5922
2018-01-18,test,1128.5361
2018-01-19,test,1132.7292
2018-01-22,test,1136.8424
2018-01-23,test,1142.4099
2018-01-24,test,1149.2096
2018-01-25,test,1155.4663
2018-01-26,test,1161.8914
2018-01-29,test,1168.1501
2018-01-30,test,1173.5267
2018-01-31,test,1176.9954
2018-02-01,test,1179.5894
2018-02-02,test,1181.2991
2018-02-05,test,1176.3857
2018-02-06,test,1163.4625
2018-02-07,test,1149.8408
2018-02-08,test,1134.0685
2018-02-09,test,1114.4349
2018-02-12,test,1098.6443
2018-02-13,test,1087.0267
2018-02-14,test,1078.9943
2018-02-15,test,1075.7007
2018-02-16,test,1077.1378
2018-02-20,test,1081.4143
2018-02-21,test,1087.6288
2018-02-22,test,1095.1803
2018-02-23,test,1102.2014
2018-02-26,test,1109.9478
2018-02-27,test,1118.5918
2018-02-28,test,1124.1611
2018-03-01,test,1126.3387
2018-03-02,test,1123.2812
2018-03-05,test,1119.0355
2018-03-06,test,1115.3762
2018-03-07,test,1112.963
2018-03-08,test,1112.8788
2018-03-09,test,1115.443
2018-03-12,test,1122.224
2018-03-13,test,1130.9491
2018-03-14,test,1137.3629
2018-03-15,test,1142.906
2018-03-16,test,1147.3795
2018-03-19,test,1149.1984
2018-03-20,test,1146.1736
2018-03-21,test,1140.598
2018-03-22,test,1133.9346
2018-03-23,test,1123.4257
2018-03-26,test,1109.6317
2018-03-27,test,1098.1566
2018-03-28,test,1084.3485
2018-03-29,test,1070.9014
2018-04-02,test,1062.0265
2018-04-03,test,1054.0614
2018-04-04,test,1048.2842
2018-04-05,test,1045.3269
2018-04-06,test,1044.4845
2018-04-09,test,1042.7158
2018-04-10,test,1041.7233
2018-04-11,test,1042.7056
2018-04-12,test,1043.4622
2018-04-13,test,1045.2915
2018-04-16,test,1047.2854
2018-04-17,test,1050.1533
2018-04-18,test,1056.365
2018-04-19,test,1063.2078
2018-04-20,test,1071.1584
2018-04-23,test,1077.6034
2018-04-24,test,1082.2883
2018-04-25,test,1080.5134
2018-04-26,test,1075.6719
2018-04-27,test,1071.4069
2018-04-30,test,1066.59
2018-05-01,test,1060.8694
2018-05-02,test,1057.4725
2018-05-03,test,1054.1543
2018-05-04,test,1051.425
2018-05-07,test,1051.6951
2018-05-08,test,1054.295
2018-05-09,test,1057.8679
2018-05-10,test,1064.6089
2018-05-11,test,1073.8184
2018-05-14,test,1083.1836
2018-05-15,test,1092.007
2018-05-16,test,1097.4377
2018-05-17,test,1100.4688
2018-05-18,test,1101.4907
2018-05-21,test,1100.1532
2018-05-22,test,1099.1011
2018-05-23,test,1097.349
2018-05-24,test,1096.5387
2018-05-25,test,1096.2214
2018-05-29,test,1096.137
2018-05-30,test,1094.6771
2018-05-31,test,1093.6365
2018-06-01,test,1095.0126
2018-06-04,test,1100.8518
2018-06-05,test,1110.1395
2018-06-06,test,1120.1431
2018-06-07,test,1129.1589
2018-06-08,test,1135.4707
2018-06-11,test,1139.508
2018-06-12,test,1142.5953
2018-06-13,test,1145.4368
2018-06-14,test,1147.4191
2018-06-15,test,1150.3131
2018-06-18,test,1153.2041
2018-06-19,test,1158.197
2018-06-20,test,1163.17
2018-06-21,test,1168.244
2018-06-22,test,1171.3851
2018-06-25,test,1173.2538
2018-06-26,test,1171.3029
2018-06-27,test,1167.0604
2018-06-28,test,1160.4624
2018-06-29,test,1154.2961
2018-07-02,test,1149.1304
2018-07-03,test,1146.3339
2018-07-05,test,1142.6075
2018-07-06,test,1141.4381
2018-07-09,test,1142.8905
2018-07-10,test,1146.7798
2018-07-11,test,1151.5464
2018-07-12,test,1156.7446
2018-07-13,test,1164.452
2018-07-16,test,1172.762
2018-07-17,test,1179.7833
2018-07-18,test,1187.0015
2018-07-19,test,1193.3468
2018-07-20,test,1197.2316
2018-07-23,test,1199.3496
2018-07-24,test,1201.4901
2018-07-25,test,1207.7979
2018-07-26,test,1217.0336
2018-07-27,test,1227.7769
2018-07-30,test,1235.0511
2018-07-31,test,1237.8237
2018-08-01,test,1237.6952
2018-08-02,test,1236.4723
2018-08-03,test,1235.4722
2018-08-06,test,1234.369
2018-08-07,test,1233.3666
2018-08-08,test,1234.2887
2018-08-09,test,1236.5409
2018-08-10,test,1239.6007
2018-08-13,test,1241.646
2018-08-14,test,1242.6866
2018-08-15,test,1243.9724
2018-08-16,test,1242.6775
2018-08-17,test,1239.6139
2018-08-20,test,1235.1353
2018-08-21,test,1230.9817
2018-08-22,test,1226.9358
2018-08-23,test,1223.8656
2018-08-24,test,1221.5695
2018-08-27,test,1221.4635
2018-08-28,test,1224.2993
2018-08-29,test,1227.3202
2018-08-30,test,1232.0712
2018-08-31,test,1236.0715
2018-09-04,test,1237.208
2018-09-05,test,1234.8854
2018-09-06,test,1229.8623
2018-09-07,test,1222.4796
2018-09-10,test,1214.0552
2018-09-11,test,1205.7134
2018-09-12,test,1199.7296
2018-09-13,test,1193.8064
2018-09-14,test,1189.7844
2018-09-17,test,1186.7218
2018-09-18,test,1182.8489
2018-09-19,test,1179.7836
2018-09-20,test,1178.0475
2018-09-21,test,1178.8269
2018-09-24,test,1178.9124
2018-09-25,test,1179.5308
2018-09-26,test,1181.6239
2018-09-27,test,1184.193
2018-09-28,test,1188.0493
2018-10-01,test,1192.0486
2018-10-02,test,1195.8627
2018-10-03,test,1199.0557
2018-10-04,test,1201.9335
2018-10-05,test,1200.9832
2018-10-08,test,1197.4603
2018-10-09,test,1191.7289
2018-10-10,test,1184.4131
2018-10-11,test,1171.986
2018-10-12,test,1158.31
2018-10-15,test,1148.0557
2018-10-16,test,1138.7859
2018-10-17,test,1134.2384
2018-10-18,test,1132.0339
2018-10-19,test,1128.6609
2018-10-22,test,1125.9237
2018-10-23,test,1124.2646
2018-10-24,test,1123.6522
2018-10-25,test,1118.0859
2018-10-26,test,1115.2462
2018-10-29,test,1111.7687
2018-10-30,test,1103.8096
2018-10-31,test,1095.9043
2018-11-01,test,1092.5358
2018-11-02,test,1091.333
2018-11-05,test,1090.2295
2018-11-06,test,1087.8932
2018-11-07,test,1086.5125
2018-11-08,test,1089.386
2018-11-09,test,1092.7573
2018-11-12,test,1094.5443
2018-11-13,test,1092.6788
2018-11-14,test,1088.9548
2018-11-15,test,1085.1072
2018-11-16,test,1083.0962
2018-11-19,test,1081.9547
2018-11-20,test,1077.5485
2018-11-21,test,1072.3572
2018-11-23,test,1068.378
2018-11-26,test,1064.0958
2018-11-27,test,1062.717
2018-11-28,test,1062.5651
2018-11-29,test,1067.0553
2018-11-30,test,1073.6934
2018-12-03,test,1082.3845
2018-12-04,test,1091.861
2018-12-06,test,1095.5087
2018-12-07,test,1097.4221
2018-12-10,test,1094.8247
2018-12-11,test,1090.8342
2018-12-12,test,1087.1498
2018-12-13,test,1085.1395
2018-12-14,test,1084.2241
2018-12-17,test,1081.9766
2018-12-18,test,1076.8813
2018-12-19,test,1072.564
2018-12-20,test,1068.1531
2018-12-21,test,1063.0887
2018-12-24,test,1055.1259
2018-12-26,test,1045.8948
2018-12-27,test,1042.953
2018-12-28,test,1043.9313
2018-12-31,test,1046.5704
2019-01-02,test,1049.8027
2019-01-03,test,1053.9727
2019-01-04,test,1055.2969
2019-01-07,test,1060.1832
2019-01-08,test,1065.8959
2019-01-09,test,1072.5133
2019-01-10,test,1078.5188
2019-01-11,test,1083.3168
2019-01-14,test,1085.5398
2019-01-15,test,1084.9128
2019-01-16,test,1086.1855
2019-01-17,test,1088.3849
2019-01-18,test,1091.8845
2019-01-22,test,1096.513
2019-01-23,test,1098.4937
2019-01-24,test,1099.5944
2019-01-25,test,1099.9302
2019-01-28,test,1101.5005
2019-01-29,test,1101.3755
2019-01-30,test,1099.5896
2019-01-31,test,1099.7922
2019-02-01,test,1103.5538
2019-02-04,test,1108.0828
2019-02-05,test,1114.9305
2019-02-06,test,1123.1864
2019-02-07,test,1128.5173
2019-02-08,test,1130.274
2019-02-11,test,1129.563
2019-02-12,test,1127.4762
2019-02-13,test,1127.2692
2019-02-14,test,1128.0398
2019-02-15,test,1129.4167
2019-02-19,test,1130.0997
2019-02-20,test,1131.0857
2019-02-21,test,1131.4924
2019-02-22,test,1130.0205
2019-02-25,test,1128.9642
2019-02-26,test,1128.1797
2019-02-27,test,1128.1053
2019-02-28,test,1128.499
2019-03-01,test,1129.4822
2019-03-04,test,1132.7924
2019-03-05,test,1137.3611
2019-03-06,test,1143.6912
2019-03-07,test,1149.807
2019-03-08,test,1153.8667
2019-03-11,test,1156.3708
2019-03-12,test,1160.5166
2019-03-13,test,1166.5941
2019-03-14,test,1173.191
2019-03-15,test,1178.7936
2019-03-18,test,1183.1101
2019-03-19,test,1186.0886
2019-03-20,test,1189.347
2019-03-21,test,1194.5785
2019-03-22,test,1201.0955
2019-03-25,test,1204.888
2019-03-26,test,1206.1086
2019-03-27,test,1205.0874
2019-03-28,test,1201.8373
2019-03-29,test,1197.2373
2019-04-01,test,1192.8441
2019-04-02,test,1191.0977
2019-04-03,test,1191.4706
2019-04-04,test,1193.5198
2019-04-05,test,1197.1105
2019-04-08,test,1200.3536
2019-04-09,test,1202.8538
2019-04-10,test,1204.1426
2019-04-11,test,1205.0107
2019-04-12,test,1205.7886
2019-04-15,test,1207.6613
2019-04-16,test,1210.1888
2019-04-17,test,1213.3285
2019-04-18,test,1217.2249
2019-04-22,test,1221.1869
2019-04-23,test,1225.943
2019-04-24,test,1232.1124
2019-04-25,test,1237.2518
2019-04-26,test,1242.1173
2019-04-29,test,1247.165
2019-04-30,test,1253.4613
2019-05-01,test,1250.366
2019-05-02,test,1241.0905
2019-05-03,test,1228.7163
2019-05-06,test,1218.0421
2019-05-07,test,1209.5494
2019-05-08,test,1201.8427
2019-05-09,test,1194.8267
2019-05-10,test,1188.7422
2019-05-13,test,1183.8032
2019-05-14,test,1177.052
2019-05-15,test,1169.1515
2019-05-16,test,1165.8353
2019-05-17,test,1166.2804
2019-05-20,test,1167.2618
2019-05-21,test,1166.3124
2019-05-22,test,1165.4861
2019-05-23,test,1164.7607
2019-05-24,test,1163.1304
2019-05-28,test,1160.5956
2019-05-29,test,1157.9274
2019-05-30,test,1153.537
2019-05-31,test,1148.9429
2019-06-03,test,1143.2095
2019-06-04,test,1131.0553
2019-06-05,test,1118.5736
2019-06-06,test,1105.9016
2019-06-07,test,1094.804
2019-06-10,test,1087.6821
2019-06-11,test,1084.8069
2019-06-12,test,1084.4331
2019-06-13,test,1085.3866
2019-06-14,test,1088.1439
2019-06-17,test,1091.0452
2019-06-18,test,1094.4833
2019-06-19,test,1098.8568
2019-06-20,test,1103.1196
2019-06-21,test,1107.721
2019-06-24,test,1113.1162
2019-06-25,test,1117.4546
2019-06-26,test,1118.0187
2019-06-27,test,1115.9144
2019-06-28,test,1112.1418
2019-07-01,test,1108.4081
2019-07-02,test,1106.6875
2019-07-03,test,1107.3978
2019-07-05,test,1110.3828
2019-07-08,test,1115.2506
2019-07-09,test,1119.0913
2019-07-10,test,1122.8324
2019-07-11,test,1127.6198
2019-07-12,test,1132.656
2019-07-15,test,1137.4296
2019-07-16,test,1142.0496
2019-07-17,test,1146.3367
2019-07-18,test,1149.3224
2019-07-19,test,1151.3815
2019-07-22,test,1151.1776
2019-07-23,test,1150.6074
2019-07-24,test,1150.6417
2019-07-25,test,1150.1611
2019-07-26,test,1149.1948
2019-07-29,test,1158.6232
2019-07-30,test,1171.5769
2019-07-31,test,1184.0751
2019-08-01,test,1194.1824
2019-08-02,test,1201.3022
2019-08-05,test,1204.5243
2019-08-06,test,1201.3771
2019-08-07,test,1196.933
2019-08-08,test,1192.4181
2019-08-09,test,1191.2375
2019-08-12,test,1190.1592
2019-08-13,test,1188.1697
2019-08-14,test,1188.1469
2019-08-15,test,1185.8801
2019-08-16,test,1183.4564
2019-08-19,test,1182.0242
2019-08-20,test,1183.2441
2019-08-21,test,1184.0286
2019-08-22,test,1185.4839
2019-08-23,test,1187.0415
2019-08-26,test,1184.8695
2019-08-27,test,1182.8821
2019-08-28,test,1180.8942
2019-08-29,test,1179.4271
2019-08-30,test,1180.3492
2019-09-03,test,1181.9784
2019-09-04,test,1181.9156
2019-09-05,test,1182.3297
2019-09-06,test,1185.6531
2019-09-09,test,1189.4196
2019-09-10,test,1193.0652
2019-09-11,test,1196.2986
2019-09-12,test,1200.3115
2019-09-13,test,1205.6144
2019-09-16,test,1211.434
2019-09-17,test,1216.103
2019-09-18,test,1219.5668
2019-09-19,test,1222.2498
2019-09-20,test,1224.7556
2019-09-23,test,1225.9917
2019-09-24,test,1226.9696
2019-09-25,test,1226.0812
2019-09-26,test,1227.0709
2019-09-27,test,1228.3378
2019-09-30,test,1228.1893
2019-10-01,test,1226.9955
2019-10-02,test,1223.923
2019-10-03,test,1217.6017
2019-10-04,test,1211.476
2019-10-07,test,1207.9622
2019-10-08,test,1205.8408
2019-10-09,test,1203.1011
2019-10-10,test,1201.6736
2019-10-11,test,1201.6418
2019-10-14,test,1202.9426
2019-10-15,test,1205.0
2019-10-16,test,1209.5906
2019-10-17,test,1214.9248
2019-10-18,test,1221.078
2019-10-21,test,1226.1166
2019-10-22,test,1230.078
2019-10-23,test,1232.6882
2019-10-24,test,1235.8496
2019-10-25,test,1238.9307
2019-10-28,test,1242.1586
2019-10-29,test,1247.4294
2019-10-30,test,1250.33
2019-10-31,test,1251.9906
2019-11-01,test,1252.5435
2019-11-04,test,1253.7156
2019-11-05,test,1256.6068
2019-11-06,test,1260.1716
2019-11-07,test,1263.7296
2019-11-08,test,1268.4366
2019-11-11,test,1273.2937
2019-11-12,test,1276.7136
2019-11-13,test,1279.0027
2019-11-14,test,1280.3087
2019-11-15,test,1282.1636
2019-11-18,test,1286.2795
2019-11-19,test,1289.6681
2019-11-20,test,1291.8453
2019-11-21,test,1292.174
2019-11-22,test,1291.393
2019-11-25,test,1289.466
2019-11-26,test,1288.3146
2019-11-27,test,1288.2649
2019-11-29,test,1288.7098
2019-12-02,test,1288.672
2019-12-03,test,1287.0422
2019-12-04,test,1285.4216
2019-12-05,test,1286.1522
2019-12-06,test,1288.596
2019-12-09,test,1292.8735
2019-12-10,test,1297.9252
2019-12-11,test,1302.8353
2019-12-12,test,1307.266
2019-12-13,test,1311.3219
2019-12-16,test,1314.5183
2019-12-17,test,1318.2168
2019-12-18,test,1321.068
2019-12-19,test,1322.9738
2019-12-20,test,1324.6061
2019-12-23,test,1325.3636
2019-12-24,test,1325.5865
2019-12-26,test,1324.9149
2019-12-27,test,1325.598
2019-12-30,test,1325.9923
2019-12-31,test,1324.9442
2020-01-02,test,1323.3656
2020-01-03,test,1324.3779
2020-01-06,test,1325.6782
2020-01-07,test,1330.5692
2020-01-08,test,1336.1903
2020-01-09,test,1342.6521
2020-01-10,test,1350.1102
2020-01-13,test,1357.9702
2020-01-14,test,1366.1177
2020-01-15,test,1372.5103
2020-01-16,test,1378.1847
2020-01-17,test,1383.7118
2020-01-21,test,1391.1349
2020-01-22,test,1398.6492
2020-01-23,test,1405.5746
2020-01-24,test,1411.4828
2020-01-27,test,1414.4819
2020-01-28,test,1412.6814
2020-01-29,test,1410.6377
2020-01-30,test,1408.904
2020-01-31,test,1407.2848
2020-02-03,test,1404.0187
2020-02-04,test,1405.12
2020-02-05,test,1404.3359
2020-02-06,test,1403.3411
2020-02-07,test,1405.0067
2020-02-10,test,1407.8153
2020-02-11,test,1413.6909
2020-02-12,test,1420.3047
2020-02-13,test,1427.4188
2020-02-14,test,1433.401
2020-02-18,test,1438.6737
2020-02-19,test,1442.9325
2020-02-20,test,1446.6552
2020-02-21,test,1448.873
2020-02-24,test,1447.1152
2020-02-25,test,1438.0969
2020-02-26,test,1423.8971
2020-02-27,test,1409.0537
2020-02-28,test,1388.3569
2020-03-02,test,1369.9028
2020-03-03,test,1358.4668
2020-03-04,test,1347.12
2020-03-05,test,1341.9221
2020-03-06,test,1333.8163
2020-03-09,test,1324.1508
2020-03-10,test,1307.2318
2020-03-11,test,1294.4557
2020-03-12,test,1278.3221
2020-03-13,test,1253.5344
2020-03-16,test,1236.9912
2020-03-17,test,1212.0374
2020-03-18,test,1190.8204
2020-03-19,test,1170.4928
2020-03-20,test,1154.9984
2020-03-23,test,1139.4158
2020-03-24,test,1124.4369
2020-03-25,test,1118.5779
2020-03-26,test,1115.042
2020-03-27,test,1119.4758
2020-03-30,test,1122.2518
2020-03-31,test,1127.7924
2020-04-01,test,1135.3142
2020-04-02,future,1137.2257
2020-04-03,future,1139.6631
2020-04-06,future,1141.8572
2020-04-07,future,1143.891
2020-04-08,future,1145.7833
2020-04-09,future,1147.553
2020-04-10,future,1149.2183
2020-04-13,future,1150.7932
2020-04-14,future,1152.2905
2020-04-15,future,1153.7208
2020-04-16,future,1155.0927
2020-04-17,future,1156.4124
2020-04-20,future,1157.6865
2020-04-21,future,1158.9186
2020-04-22,future,1160.1124
2020-04-23,future,1161.2709
2020-04-24,future,1162.3954
2020-04-27,future,1163.4883
2020-04-28,future,1164.5504
2020-04-29,future,1165.5833
2020-04-30,future,1166.588
2020-05-01,future,1167.5646
2020-05-04,future,1168.5145
2020-05-05,future,1169.4377
2020-05-06,future,1170.3353
2020-05-07,future,1171.2078
2020-05-08,future,1172.0557
2020-05-11,future,1172.8796
2020-05-12,future,1173.6798
2020-05-13,future,1174.4572
